2026-05-05 15:20:32,173 - __main__ - INFO - Skipping POSIX signal handlers (not running on main thread, e.g. Streamlit)
2026-05-05 15:20:32,173 - __main__ - INFO - ============================================================
2026-05-05 15:20:32,174 - __main__ - INFO - HiveMQ Service Starting (broker_name=HiveMQ-Cloud)
2026-05-05 15:20:32,174 - __main__ - INFO - ============================================================
2026-05-05 15:20:32,189 - database - INFO - Database initialised at mqtt_data.db
2026-05-05 15:20:32,251 - __main__ - INFO - Database initialised (shared schema) at mqtt_data.db
2026-05-05 15:20:32,252 - __main__ - INFO - Database worker thread started
2026-05-05 15:20:32,315 - __main__ - INFO - TLS enabled for secure connection
2026-05-05 15:20:32,315 - __main__ - INFO - Connecting to broker HiveMQ-Cloud at b9ff4eeb544e4ac18142a019bc399b43.s2.eu.hivemq.cloud:8883
2026-05-05 15:20:32,837 - __main__ - INFO - Starting MQTT loop...
2026-05-05 15:20:33,008 - __main__ - INFO - Connected successfully to broker (HiveMQ-Cloud)
2026-05-05 15:20:33,009 - __main__ - INFO - Subscribed to topic: #
2026-05-05 15:20:33,170 - __main__ - INFO - Subscription confirmed with QoS: [ReasonCode(Suback, 'Granted QoS 1')]
2026-05-05 15:20:42,345 - __main__ - INFO - Rate: 5.01 msg/sec | Total: 51 messages
2026-05-05 15:20:52,371 - __main__ - INFO - Rate: 4.89 msg/sec | Total: 100 messages
2026-05-05 15:21:02,578 - __main__ - INFO - Rate: 4.80 msg/sec | Total: 149 messages
2026-05-05 15:21:12,720 - __main__ - INFO - Rate: 5.82 msg/sec | Total: 208 messages
2026-05-05 15:21:22,823 - __main__ - INFO - Rate: 6.04 msg/sec | Total: 269 messages
2026-05-05 15:21:32,877 - __main__ - INFO - Rate: 5.07 msg/sec | Total: 320 messages
2026-05-05 15:21:42,908 - __main__ - INFO - Rate: 5.18 msg/sec | Total: 372 messages
2026-05-05 15:21:53,074 - __main__ - INFO - Rate: 4.52 msg/sec | Total: 418 messages
2026-05-05 15:22:03,284 - __main__ - INFO - Rate: 4.31 msg/sec | Total: 462 messages
2026-05-05 15:22:13,408 - __main__ - INFO - Rate: 5.63 msg/sec | Total: 519 messages
2026-05-05 15:22:23,459 - __main__ - INFO - Rate: 4.58 msg/sec | Total: 565 messages
2026-05-05 15:22:33,477 - __main__ - INFO - Rate: 5.09 msg/sec | Total: 616 messages
2026-05-05 15:22:43,489 - __main__ - INFO - Rate: 4.00 msg/sec | Total: 656 messages
2026-05-05 15:22:53,591 - __main__ - INFO - Rate: 5.44 msg/sec | Total: 711 messages
2026-05-05 15:23:03,660 - __main__ - INFO - Rate: 4.37 msg/sec | Total: 755 messages
2026-05-05 15:23:13,816 - __main__ - INFO - Rate: 5.12 msg/sec | Total: 807 messages
2026-05-05 15:23:23,881 - __main__ - INFO - Rate: 4.87 msg/sec | Total: 856 messages
2026-05-05 15:23:33,895 - __main__ - INFO - Rate: 4.79 msg/sec | Total: 904 messages
2026-05-05 15:23:43,914 - __main__ - INFO - Rate: 6.19 msg/sec | Total: 966 messages
2026-05-05 15:23:54,036 - __main__ - INFO - Rate: 4.84 msg/sec | Total: 1015 messages
2026-05-05 15:24:04,202 - __main__ - INFO - Rate: 5.12 msg/sec | Total: 1067 messages
2026-05-05 15:24:14,373 - __main__ - INFO - Rate: 5.60 msg/sec | Total: 1124 messages
2026-05-05 15:24:24,409 - __main__ - INFO - Rate: 7.07 msg/sec | Total: 1195 messages
2026-05-05 15:24:34,421 - __main__ - INFO - Rate: 4.79 msg/sec | Total: 1243 messages
2026-05-05 15:24:44,450 - __main__ - INFO - Rate: 4.89 msg/sec | Total: 1292 messages
2026-05-05 15:24:54,480 - __main__ - INFO - Rate: 5.28 msg/sec | Total: 1345 messages
2026-05-05 15:25:04,624 - __main__ - INFO - Rate: 5.62 msg/sec | Total: 1402 messages
2026-05-05 15:25:51,123 - __main__ - INFO - Skipping POSIX signal handlers (not running on main thread, e.g. Streamlit)
2026-05-05 15:25:51,124 - __main__ - INFO - ============================================================
2026-05-05 15:25:51,124 - __main__ - INFO - HiveMQ Service Starting (Dual-Broker mode)
2026-05-05 15:25:51,125 - __main__ - INFO - ============================================================
2026-05-05 15:25:51,158 - database - INFO - Database initialised at mqtt_data.db
2026-05-05 15:25:51,162 - database - INFO - Database initialised at mqtt_data.db
2026-05-05 15:25:51,354 - __main__ - INFO - Database initialised (shared schema) at mqtt_data.db
2026-05-05 15:25:51,355 - __main__ - INFO - Database worker thread started
2026-05-05 15:25:51,451 - __main__ - INFO - TLS enabled for secure connection
2026-05-05 15:25:51,452 - __main__ - INFO - Connecting to broker HiveMQ-Cloud at b9ff4eeb544e4ac18142a019bc399b43.s2.eu.hivemq.cloud:8883
2026-05-05 15:25:51,460 - __main__ - INFO - Database initialised (shared schema) at mqtt_data.db
2026-05-05 15:25:51,467 - __main__ - INFO - Database worker thread started
2026-05-05 15:25:51,548 - __main__ - INFO - TLS enabled for secure connection
2026-05-05 15:25:51,549 - __main__ - INFO - Connecting to broker Broker-2 at newflo-789c1e1b.a03.euc1.aws.hivemq.cloud:8883
2026-05-05 15:25:52,150 - __main__ - INFO - Starting MQTT loop...
2026-05-05 15:25:52,277 - __main__ - INFO - Starting MQTT loop...
2026-05-05 15:25:52,345 - __main__ - INFO - Connected successfully to broker (HiveMQ-Cloud)
2026-05-05 15:25:52,345 - __main__ - INFO - Subscribed to topic: #
2026-05-05 15:25:52,546 - __main__ - INFO - Subscription confirmed with QoS: [ReasonCode(Suback, 'Granted QoS 1')]
2026-05-05 15:25:52,803 - __main__ - INFO - Connected successfully to broker (Broker-2)
2026-05-05 15:25:52,804 - __main__ - INFO - Subscribed to topic: #
2026-05-05 15:25:53,002 - __main__ - INFO - Subscription confirmed with QoS: [ReasonCode(Suback, 'Granted QoS 1')]
2026-05-05 15:26:01,156 - __main__ - INFO - Rate: 4.59 msg/sec | Total: 46 messages
2026-05-05 15:26:01,267 - __main__ - INFO - Rate: 1.08 msg/sec | Total: 11 messages
2026-05-05 15:26:11,302 - __main__ - INFO - Rate: 6.21 msg/sec | Total: 109 messages
2026-05-05 15:26:11,416 - __main__ - INFO - Rate: 0.99 msg/sec | Total: 21 messages
2026-05-05 15:26:21,384 - __main__ - INFO - Rate: 5.75 msg/sec | Total: 167 messages
2026-05-05 15:26:21,469 - __main__ - INFO - Rate: 0.70 msg/sec | Total: 28 messages
2026-05-05 15:26:31,402 - __main__ - INFO - Rate: 4.89 msg/sec | Total: 216 messages
2026-05-05 15:26:31,621 - __main__ - INFO - Rate: 0.79 msg/sec | Total: 36 messages
2026-05-05 15:26:41,523 - __main__ - INFO - Rate: 5.24 msg/sec | Total: 269 messages
2026-05-05 15:26:41,641 - __main__ - INFO - Rate: 0.50 msg/sec | Total: 41 messages
2026-05-05 15:26:51,558 - __main__ - INFO - Rate: 4.68 msg/sec | Total: 316 messages
2026-05-05 15:26:51,722 - __main__ - INFO - Rate: 1.19 msg/sec | Total: 53 messages
2026-05-05 15:27:01,727 - __main__ - INFO - Rate: 5.70 msg/sec | Total: 374 messages
2026-05-05 15:27:01,805 - __main__ - INFO - Rate: 1.19 msg/sec | Total: 65 messages
2026-05-05 15:27:11,780 - __main__ - INFO - Rate: 5.07 msg/sec | Total: 425 messages
2026-05-05 15:27:11,931 - __main__ - INFO - Rate: 0.69 msg/sec | Total: 72 messages
2026-05-05 15:27:21,800 - __main__ - INFO - Rate: 5.19 msg/sec | Total: 477 messages
2026-05-05 15:27:21,947 - __main__ - INFO - Rate: 1.60 msg/sec | Total: 88 messages
2026-05-05 15:27:31,884 - __main__ - INFO - Rate: 4.07 msg/sec | Total: 518 messages
2026-05-05 15:27:31,975 - __main__ - INFO - Rate: 1.70 msg/sec | Total: 105 messages
2026-05-05 15:27:41,890 - __main__ - INFO - Rate: 5.10 msg/sec | Total: 569 messages
2026-05-05 15:27:42,129 - __main__ - INFO - Rate: 1.48 msg/sec | Total: 120 messages
2026-05-05 15:27:52,028 - __main__ - INFO - Rate: 6.02 msg/sec | Total: 630 messages
2026-05-05 15:27:52,139 - __main__ - INFO - Rate: 1.00 msg/sec | Total: 130 messages
2026-05-05 15:28:02,085 - __main__ - INFO - Rate: 6.46 msg/sec | Total: 695 messages
2026-05-05 15:28:02,309 - __main__ - INFO - Rate: 1.48 msg/sec | Total: 145 messages
2026-05-05 15:28:12,126 - __main__ - INFO - Rate: 5.08 msg/sec | Total: 746 messages
2026-05-05 15:28:12,335 - __main__ - INFO - Rate: 1.20 msg/sec | Total: 157 messages
2026-05-05 15:28:22,186 - __main__ - INFO - Rate: 4.37 msg/sec | Total: 790 messages
2026-05-05 15:28:22,538 - __main__ - INFO - Rate: 0.78 msg/sec | Total: 165 messages
2026-05-05 15:28:32,202 - __main__ - INFO - Rate: 4.49 msg/sec | Total: 835 messages
2026-05-05 15:28:32,648 - __main__ - INFO - Rate: 0.89 msg/sec | Total: 174 messages
2026-05-05 15:28:42,366 - __main__ - INFO - Rate: 4.53 msg/sec | Total: 881 messages
2026-05-05 15:28:42,730 - __main__ - INFO - Rate: 0.99 msg/sec | Total: 184 messages
2026-05-05 15:28:52,486 - __main__ - INFO - Rate: 5.44 msg/sec | Total: 936 messages
2026-05-05 15:28:52,777 - __main__ - INFO - Rate: 1.19 msg/sec | Total: 196 messages
2026-05-05 15:29:02,510 - __main__ - INFO - Rate: 5.19 msg/sec | Total: 988 messages
2026-05-05 15:29:02,836 - __main__ - INFO - Rate: 1.19 msg/sec | Total: 208 messages
2026-05-05 15:29:12,540 - __main__ - INFO - Rate: 5.08 msg/sec | Total: 1039 messages
2026-05-05 15:29:12,977 - __main__ - INFO - Rate: 1.18 msg/sec | Total: 220 messages
2026-05-05 15:29:22,649 - __main__ - INFO - Rate: 5.44 msg/sec | Total: 1094 messages
2026-05-05 15:29:23,159 - __main__ - INFO - Rate: 1.67 msg/sec | Total: 237 messages
2026-05-05 15:29:32,680 - __main__ - INFO - Rate: 4.98 msg/sec | Total: 1144 messages
2026-05-05 15:29:33,325 - __main__ - INFO - Rate: 1.08 msg/sec | Total: 248 messages
2026-05-05 15:29:42,846 - __main__ - INFO - Rate: 5.02 msg/sec | Total: 1195 messages
2026-05-05 15:29:43,379 - __main__ - INFO - Rate: 1.19 msg/sec | Total: 260 messages
2026-05-05 15:29:52,943 - __main__ - INFO - Rate: 4.65 msg/sec | Total: 1242 messages
2026-05-05 15:29:53,548 - __main__ - INFO - Rate: 0.79 msg/sec | Total: 268 messages
2026-05-05 15:30:03,135 - __main__ - INFO - Rate: 5.89 msg/sec | Total: 1302 messages
2026-05-05 15:30:03,735 - __main__ - INFO - Rate: 1.77 msg/sec | Total: 286 messages
2026-05-05 15:30:13,195 - __main__ - INFO - Rate: 5.27 msg/sec | Total: 1355 messages
2026-05-05 15:30:13,735 - __main__ - INFO - Rate: 0.80 msg/sec | Total: 294 messages
2026-05-05 15:30:23,308 - __main__ - INFO - Rate: 4.85 msg/sec | Total: 1404 messages
2026-05-05 15:30:23,822 - __main__ - INFO - Rate: 1.09 msg/sec | Total: 305 messages
2026-05-05 15:30:33,389 - __main__ - INFO - Rate: 5.06 msg/sec | Total: 1455 messages
2026-05-05 15:30:33,847 - __main__ - INFO - Rate: 1.00 msg/sec | Total: 315 messages
2026-05-05 15:30:43,494 - __main__ - INFO - Rate: 5.24 msg/sec | Total: 1508 messages
2026-05-05 15:30:43,943 - __main__ - INFO - Rate: 1.09 msg/sec | Total: 326 messages
2026-05-05 15:30:53,572 - __main__ - INFO - Rate: 4.47 msg/sec | Total: 1553 messages
2026-05-05 15:30:54,032 - __main__ - INFO - Rate: 0.99 msg/sec | Total: 336 messages
2026-05-05 15:31:03,743 - __main__ - INFO - Rate: 3.93 msg/sec | Total: 1593 messages
2026-05-05 15:31:04,123 - __main__ - INFO - Rate: 1.29 msg/sec | Total: 349 messages
2026-05-05 15:31:13,819 - __main__ - INFO - Rate: 5.66 msg/sec | Total: 1650 messages
2026-05-05 15:31:14,316 - __main__ - INFO - Rate: 0.88 msg/sec | Total: 358 messages
2026-05-05 15:31:23,896 - __main__ - INFO - Rate: 6.05 msg/sec | Total: 1711 messages
2026-05-05 15:31:24,448 - __main__ - INFO - Rate: 0.89 msg/sec | Total: 367 messages
2026-05-05 15:31:34,048 - __main__ - INFO - Rate: 5.71 msg/sec | Total: 1769 messages
2026-05-05 15:31:34,511 - __main__ - INFO - Rate: 0.89 msg/sec | Total: 376 messages
2026-05-05 15:31:44,239 - __main__ - INFO - Rate: 6.48 msg/sec | Total: 1835 messages
2026-05-05 15:31:44,517 - __main__ - INFO - Rate: 0.90 msg/sec | Total: 385 messages
2026-05-05 15:31:54,395 - __main__ - INFO - Rate: 6.20 msg/sec | Total: 1898 messages
2026-05-05 15:31:54,621 - __main__ - INFO - Rate: 1.39 msg/sec | Total: 399 messages
2026-05-05 15:32:04,556 - __main__ - INFO - Rate: 4.92 msg/sec | Total: 1948 messages
2026-05-05 15:32:04,742 - __main__ - INFO - Rate: 1.28 msg/sec | Total: 412 messages
2026-05-05 15:32:14,696 - __main__ - INFO - Rate: 4.54 msg/sec | Total: 1994 messages
2026-05-05 15:32:14,928 - __main__ - INFO - Rate: 1.57 msg/sec | Total: 428 messages
2026-05-05 15:32:24,745 - __main__ - INFO - Rate: 5.67 msg/sec | Total: 2051 messages
2026-05-05 15:32:25,125 - __main__ - INFO - Rate: 1.27 msg/sec | Total: 441 messages
2026-05-05 15:32:34,898 - __main__ - INFO - Rate: 4.92 msg/sec | Total: 2101 messages
2026-05-05 15:32:35,297 - __main__ - INFO - Rate: 1.08 msg/sec | Total: 452 messages
2026-05-05 15:32:50,918 - __main__ - INFO - Skipping POSIX signal handlers (not running on main thread, e.g. Streamlit)
2026-05-05 15:32:50,919 - __main__ - INFO - ============================================================
2026-05-05 15:32:50,919 - __main__ - INFO - HiveMQ Service Starting (Dual-Broker mode)
2026-05-05 15:32:50,919 - __main__ - INFO - ============================================================
2026-05-05 15:32:50,936 - database - INFO - Database initialised at mqtt_data.db
2026-05-05 15:32:50,937 - database - INFO - Database initialised at mqtt_data.db
2026-05-05 15:32:51,015 - __main__ - INFO - Database initialised (shared schema) at mqtt_data.db
2026-05-05 15:32:51,016 - __main__ - INFO - Database worker thread started
2026-05-05 15:32:51,073 - __main__ - INFO - TLS enabled for secure connection
2026-05-05 15:32:51,074 - __main__ - INFO - Connecting to broker HiveMQ-Cloud at b9ff4eeb544e4ac18142a019bc399b43.s2.eu.hivemq.cloud:8883
2026-05-05 15:32:51,079 - __main__ - INFO - Database initialised (shared schema) at mqtt_data.db
2026-05-05 15:32:51,080 - __main__ - INFO - Database worker thread started
2026-05-05 15:32:51,139 - __main__ - INFO - TLS enabled for secure connection
2026-05-05 15:32:51,140 - __main__ - INFO - Connecting to broker Broker-2 at newflo-789c1e1b.a03.euc1.aws.hivemq.cloud:8883
2026-05-05 15:32:51,410 - __main__ - INFO - Skipping POSIX signal handlers (not running on main thread, e.g. Streamlit)
2026-05-05 15:32:51,411 - __main__ - INFO - ============================================================
2026-05-05 15:32:51,412 - __main__ - INFO - HiveMQ Service Starting (Dual-Broker mode)
2026-05-05 15:32:51,413 - __main__ - INFO - ============================================================
2026-05-05 15:32:51,429 - database - INFO - Database initialised at mqtt_data.db
2026-05-05 15:32:51,432 - database - INFO - Database initialised at mqtt_data.db
2026-05-05 15:32:51,506 - __main__ - INFO - Database initialised (shared schema) at mqtt_data.db
2026-05-05 15:32:51,507 - __main__ - INFO - Database worker thread started
2026-05-05 15:32:51,559 - __main__ - INFO - TLS enabled for secure connection
2026-05-05 15:32:51,559 - __main__ - INFO - Starting MQTT loop...
2026-05-05 15:32:51,559 - __main__ - INFO - Connecting to broker HiveMQ-Cloud at b9ff4eeb544e4ac18142a019bc399b43.s2.eu.hivemq.cloud:8883
2026-05-05 15:32:51,565 - __main__ - INFO - Database initialised (shared schema) at mqtt_data.db
2026-05-05 15:32:51,566 - __main__ - INFO - Database worker thread started
2026-05-05 15:32:51,634 - __main__ - INFO - TLS enabled for secure connection
2026-05-05 15:32:51,635 - __main__ - INFO - Connecting to broker Broker-2 at newflo-789c1e1b.a03.euc1.aws.hivemq.cloud:8883
2026-05-05 15:32:51,727 - __main__ - INFO - Starting MQTT loop...
2026-05-05 15:32:51,921 - __main__ - INFO - Connected successfully to broker (Broker-2)
2026-05-05 15:32:51,922 - __main__ - INFO - Subscribed to topic: #
2026-05-05 15:32:51,928 - __main__ - INFO - Connected successfully to broker (HiveMQ-Cloud)
2026-05-05 15:32:51,928 - __main__ - INFO - Subscribed to topic: #
2026-05-05 15:32:52,045 - __main__ - INFO - Starting MQTT loop...
2026-05-05 15:32:52,088 - __main__ - INFO - Subscription confirmed with QoS: [ReasonCode(Suback, 'Granted QoS 1')]
2026-05-05 15:32:52,125 - __main__ - INFO - Subscription confirmed with QoS: [ReasonCode(Suback, 'Granted QoS 1')]
2026-05-05 15:32:52,193 - __main__ - INFO - Starting MQTT loop...
2026-05-05 15:32:52,399 - __main__ - ERROR - Error starting service: HiveMQService.on_disconnect() takes from 4 to 5 positional arguments but 6 were given
2026-05-05 15:32:52,400 - __main__ - INFO - Stopping HiveMQ service...
2026-05-05 15:32:52,400 - __main__ - INFO - MQTT client stopped successfully
2026-05-05 15:32:52,400 - __main__ - INFO - Waiting for database worker to finish...
2026-05-05 15:32:52,409 - __main__ - INFO - Connected successfully to broker (HiveMQ-Cloud)
2026-05-05 15:32:52,409 - __main__ - INFO - Subscribed to topic: #
2026-05-05 15:32:52,455 - __main__ - ERROR - Error starting service: HiveMQService.on_disconnect() takes from 4 to 5 positional arguments but 6 were given
2026-05-05 15:32:52,456 - __main__ - INFO - Stopping HiveMQ service...
2026-05-05 15:32:52,456 - __main__ - INFO - MQTT client stopped successfully
2026-05-05 15:32:52,456 - __main__ - INFO - Waiting for database worker to finish...
2026-05-05 15:32:52,510 - __main__ - INFO - Connected successfully to broker (Broker-2)
2026-05-05 15:32:52,511 - __main__ - INFO - Subscribed to topic: #
2026-05-05 15:32:52,537 - __main__ - INFO - Database worker stopped. Total messages stored: 0
2026-05-05 15:32:52,543 - __main__ - INFO - HiveMQ service stopped
2026-05-05 15:32:52,546 - __main__ - ERROR - Fatal error for HiveMQ-Cloud: HiveMQService.on_disconnect() takes from 4 to 5 positional arguments but 6 were given
2026-05-05 15:32:52,619 - __main__ - INFO - Database worker stopped. Total messages stored: 0
2026-05-05 15:32:52,621 - __main__ - INFO - Subscription confirmed with QoS: [ReasonCode(Suback, 'Granted QoS 1')]
2026-05-05 15:32:52,624 - __main__ - INFO - HiveMQ service stopped
2026-05-05 15:32:52,627 - __main__ - ERROR - Fatal error for Broker-2: HiveMQService.on_disconnect() takes from 4 to 5 positional arguments but 6 were given
2026-05-05 15:32:52,718 - __main__ - INFO - Subscription confirmed with QoS: [ReasonCode(Suback, 'Granted QoS 1')]
2026-05-05 15:33:01,433 - __main__ - INFO - Rate: 4.99 msg/sec | Total: 50 messages
2026-05-05 15:33:01,598 - __main__ - INFO - Rate: 0.88 msg/sec | Total: 9 messages
2026-05-05 15:33:11,479 - __main__ - INFO - Rate: 5.38 msg/sec | Total: 104 messages
2026-05-05 15:33:11,724 - __main__ - INFO - Rate: 0.49 msg/sec | Total: 14 messages
2026-05-05 15:33:21,503 - __main__ - INFO - Rate: 5.39 msg/sec | Total: 158 messages
2026-05-05 15:33:21,874 - __main__ - INFO - Rate: 1.08 msg/sec | Total: 25 messages
2026-05-05 15:33:31,614 - __main__ - INFO - Rate: 5.64 msg/sec | Total: 215 messages
2026-05-05 15:33:31,927 - __main__ - INFO - Rate: 1.19 msg/sec | Total: 37 messages
2026-05-05 15:33:41,617 - __main__ - INFO - Rate: 4.90 msg/sec | Total: 264 messages
2026-05-05 15:33:42,011 - __main__ - INFO - Rate: 1.19 msg/sec | Total: 49 messages
2026-05-05 15:33:51,744 - __main__ - INFO - Rate: 5.73 msg/sec | Total: 322 messages
2026-05-05 15:33:52,106 - __main__ - INFO - Rate: 0.30 msg/sec | Total: 52 messages
2026-05-05 15:34:01,832 - __main__ - INFO - Rate: 6.64 msg/sec | Total: 389 messages
2026-05-05 15:34:02,164 - __main__ - INFO - Rate: 0.80 msg/sec | Total: 60 messages
2026-05-05 15:34:11,896 - __main__ - INFO - Rate: 4.87 msg/sec | Total: 438 messages
2026-05-05 15:34:12,186 - __main__ - INFO - Rate: 1.50 msg/sec | Total: 75 messages
2026-05-05 15:34:22,037 - __main__ - INFO - Rate: 6.11 msg/sec | Total: 500 messages
2026-05-05 15:34:22,187 - __main__ - INFO - Rate: 1.20 msg/sec | Total: 87 messages
2026-05-05 15:34:32,114 - __main__ - INFO - Rate: 5.46 msg/sec | Total: 555 messages
2026-05-05 15:34:32,373 - __main__ - INFO - Rate: 0.98 msg/sec | Total: 97 messages
2026-05-05 15:34:42,141 - __main__ - INFO - Rate: 4.79 msg/sec | Total: 603 messages
2026-05-05 15:34:42,442 - __main__ - INFO - Rate: 0.89 msg/sec | Total: 106 messages
2026-05-05 15:34:52,314 - __main__ - INFO - Rate: 6.00 msg/sec | Total: 664 messages
2026-05-05 15:34:52,644 - __main__ - INFO - Rate: 0.78 msg/sec | Total: 114 messages
2026-05-05 15:35:02,325 - __main__ - INFO - Rate: 6.79 msg/sec | Total: 732 messages
2026-05-05 15:35:02,670 - __main__ - INFO - Rate: 0.80 msg/sec | Total: 122 messages
2026-05-05 15:35:12,398 - __main__ - INFO - Rate: 6.25 msg/sec | Total: 795 messages
2026-05-05 15:35:12,716 - __main__ - INFO - Rate: 1.49 msg/sec | Total: 137 messages
2026-05-05 15:35:22,528 - __main__ - INFO - Rate: 5.33 msg/sec | Total: 849 messages
2026-05-05 15:35:22,823 - __main__ - INFO - Rate: 0.99 msg/sec | Total: 147 messages
2026-05-05 15:35:32,556 - __main__ - INFO - Rate: 7.48 msg/sec | Total: 924 messages
2026-05-05 15:35:32,853 - __main__ - INFO - Rate: 1.10 msg/sec | Total: 158 messages
2026-05-05 15:35:42,567 - __main__ - INFO - Rate: 5.39 msg/sec | Total: 978 messages
2026-05-05 15:35:42,969 - __main__ - INFO - Rate: 1.38 msg/sec | Total: 172 messages
2026-05-05 15:35:52,657 - __main__ - INFO - Rate: 6.44 msg/sec | Total: 1043 messages
2026-05-05 15:35:53,067 - __main__ - INFO - Rate: 1.09 msg/sec | Total: 183 messages
2026-05-05 15:36:02,670 - __main__ - INFO - Rate: 6.59 msg/sec | Total: 1109 messages
2026-05-05 15:36:03,239 - __main__ - INFO - Rate: 0.29 msg/sec | Total: 186 messages
2026-05-05 15:36:12,679 - __main__ - INFO - Rate: 6.29 msg/sec | Total: 1172 messages
2026-05-05 15:36:13,387 - __main__ - INFO - Rate: 0.79 msg/sec | Total: 194 messages
2026-05-05 15:36:22,691 - __main__ - INFO - Rate: 5.69 msg/sec | Total: 1229 messages
2026-05-05 15:36:23,553 - __main__ - INFO - Rate: 1.77 msg/sec | Total: 212 messages
2026-05-05 15:36:32,847 - __main__ - INFO - Rate: 5.71 msg/sec | Total: 1287 messages
2026-05-05 15:36:33,625 - __main__ - INFO - Rate: 1.49 msg/sec | Total: 227 messages
2026-05-05 15:36:42,981 - __main__ - INFO - Rate: 5.43 msg/sec | Total: 1342 messages
2026-05-05 15:36:43,726 - __main__ - INFO - Rate: 1.19 msg/sec | Total: 239 messages
2026-05-05 15:36:53,062 - __main__ - INFO - Rate: 5.16 msg/sec | Total: 1394 messages
2026-05-05 15:36:53,779 - __main__ - INFO - Rate: 1.49 msg/sec | Total: 254 messages
2026-05-05 15:37:03,157 - __main__ - INFO - Rate: 5.15 msg/sec | Total: 1446 messages
2026-05-05 15:37:03,907 - __main__ - INFO - Rate: 1.48 msg/sec | Total: 269 messages
2026-05-05 15:37:13,329 - __main__ - INFO - Rate: 5.11 msg/sec | Total: 1498 messages
2026-05-05 15:37:14,012 - __main__ - INFO - Rate: 1.48 msg/sec | Total: 284 messages
2026-05-05 15:37:23,503 - __main__ - INFO - Rate: 5.90 msg/sec | Total: 1558 messages
2026-05-05 15:37:24,052 - __main__ - INFO - Rate: 2.09 msg/sec | Total: 305 messages
2026-05-05 15:37:33,644 - __main__ - INFO - Rate: 4.93 msg/sec | Total: 1608 messages
2026-05-05 15:37:34,124 - __main__ - INFO - Rate: 0.40 msg/sec | Total: 309 messages
2026-05-05 15:37:43,662 - __main__ - INFO - Rate: 5.99 msg/sec | Total: 1668 messages
2026-05-05 15:37:44,268 - __main__ - INFO - Rate: 0.49 msg/sec | Total: 314 messages
2026-05-05 15:37:53,837 - __main__ - INFO - Rate: 7.27 msg/sec | Total: 1742 messages
2026-05-05 15:37:54,316 - __main__ - INFO - Rate: 0.30 msg/sec | Total: 317 messages
2026-05-05 15:38:03,847 - __main__ - INFO - Rate: 6.49 msg/sec | Total: 1807 messages
2026-05-05 15:38:04,483 - __main__ - INFO - Rate: 0.39 msg/sec | Total: 321 messages
2026-05-05 15:38:14,020 - __main__ - INFO - Rate: 5.01 msg/sec | Total: 1858 messages
2026-05-05 15:38:14,501 - __main__ - INFO - Rate: 0.40 msg/sec | Total: 325 messages
2026-05-05 15:38:24,104 - __main__ - INFO - Rate: 6.25 msg/sec | Total: 1921 messages
2026-05-05 15:38:24,633 - __main__ - INFO - Rate: 0.69 msg/sec | Total: 332 messages
2026-05-05 15:38:34,106 - __main__ - INFO - Rate: 6.80 msg/sec | Total: 1989 messages
2026-05-05 15:38:34,642 - __main__ - INFO - Rate: 0.80 msg/sec | Total: 340 messages
2026-05-05 15:38:44,180 - __main__ - INFO - Rate: 4.57 msg/sec | Total: 2035 messages
2026-05-05 15:38:44,643 - __main__ - INFO - Rate: 1.10 msg/sec | Total: 351 messages
2026-05-05 15:38:54,231 - __main__ - INFO - Rate: 5.77 msg/sec | Total: 2093 messages
2026-05-05 15:38:54,658 - __main__ - INFO - Rate: 0.70 msg/sec | Total: 358 messages
2026-05-05 15:39:04,279 - __main__ - INFO - Rate: 4.48 msg/sec | Total: 2138 messages
2026-05-05 15:39:04,833 - __main__ - INFO - Rate: 0.49 msg/sec | Total: 363 messages
2026-05-05 15:39:14,324 - __main__ - INFO - Rate: 5.87 msg/sec | Total: 2197 messages
2026-05-05 15:39:14,848 - __main__ - INFO - Rate: 1.00 msg/sec | Total: 373 messages
2026-05-05 15:39:24,452 - __main__ - INFO - Rate: 6.32 msg/sec | Total: 2261 messages
2026-05-05 15:39:24,926 - __main__ - INFO - Rate: 0.60 msg/sec | Total: 379 messages
2026-05-05 15:39:34,477 - __main__ - INFO - Rate: 6.09 msg/sec | Total: 2322 messages
2026-05-05 15:39:35,105 - __main__ - INFO - Rate: 0.79 msg/sec | Total: 387 messages
2026-05-05 15:39:44,480 - __main__ - INFO - Rate: 4.60 msg/sec | Total: 2368 messages
2026-05-05 15:39:45,129 - __main__ - INFO - Rate: 1.10 msg/sec | Total: 398 messages
2026-05-05 15:39:54,643 - __main__ - INFO - Rate: 6.20 msg/sec | Total: 2431 messages
2026-05-05 15:39:55,201 - __main__ - INFO - Rate: 1.09 msg/sec | Total: 409 messages
2026-05-05 15:40:04,709 - __main__ - INFO - Rate: 6.36 msg/sec | Total: 2495 messages
2026-05-05 15:40:05,258 - __main__ - INFO - Rate: 1.29 msg/sec | Total: 422 messages
2026-05-05 15:40:14,753 - __main__ - INFO - Rate: 4.58 msg/sec | Total: 2541 messages
2026-05-05 15:40:15,364 - __main__ - INFO - Rate: 0.79 msg/sec | Total: 430 messages
2026-05-05 15:40:24,926 - __main__ - INFO - Rate: 5.70 msg/sec | Total: 2599 messages
2026-05-05 15:40:25,561 - __main__ - INFO - Rate: 1.27 msg/sec | Total: 443 messages
2026-05-05 15:40:35,063 - __main__ - INFO - Rate: 4.83 msg/sec | Total: 2648 messages
2026-05-05 15:40:35,567 - __main__ - INFO - Rate: 1.50 msg/sec | Total: 458 messages
2026-05-05 15:40:45,100 - __main__ - INFO - Rate: 6.28 msg/sec | Total: 2711 messages
2026-05-05 15:40:45,742 - __main__ - INFO - Rate: 1.67 msg/sec | Total: 475 messages
2026-05-05 15:40:55,147 - __main__ - INFO - Rate: 6.07 msg/sec | Total: 2772 messages
2026-05-05 15:40:55,811 - __main__ - INFO - Rate: 1.19 msg/sec | Total: 487 messages
2026-05-05 15:41:05,156 - __main__ - INFO - Rate: 5.99 msg/sec | Total: 2832 messages
2026-05-05 15:41:05,843 - __main__ - INFO - Rate: 0.70 msg/sec | Total: 494 messages
2026-05-05 15:41:15,205 - __main__ - INFO - Rate: 6.47 msg/sec | Total: 2897 messages
2026-05-05 15:41:15,930 - __main__ - INFO - Rate: 0.79 msg/sec | Total: 502 messages
2026-05-05 15:41:25,352 - __main__ - INFO - Rate: 5.72 msg/sec | Total: 2955 messages
2026-05-05 15:41:26,104 - __main__ - INFO - Rate: 1.28 msg/sec | Total: 515 messages
2026-05-05 15:41:35,363 - __main__ - INFO - Rate: 5.49 msg/sec | Total: 3010 messages
2026-05-05 15:41:36,118 - __main__ - INFO - Rate: 2.10 msg/sec | Total: 536 messages
2026-05-05 15:41:45,420 - __main__ - INFO - Rate: 6.36 msg/sec | Total: 3074 messages
2026-05-05 15:41:46,317 - __main__ - INFO - Rate: 2.06 msg/sec | Total: 557 messages
2026-05-05 15:41:55,539 - __main__ - INFO - Rate: 7.02 msg/sec | Total: 3145 messages
2026-05-05 15:41:56,418 - __main__ - INFO - Rate: 1.68 msg/sec | Total: 574 messages
2026-05-05 15:42:05,593 - __main__ - INFO - Rate: 6.76 msg/sec | Total: 3213 messages
2026-05-05 15:42:06,448 - __main__ - INFO - Rate: 2.49 msg/sec | Total: 599 messages
2026-05-05 15:42:15,604 - __main__ - INFO - Rate: 5.89 msg/sec | Total: 3272 messages
2026-05-05 15:42:16,582 - __main__ - INFO - Rate: 1.38 msg/sec | Total: 613 messages
2026-05-05 15:42:25,780 - __main__ - INFO - Rate: 5.70 msg/sec | Total: 3330 messages
2026-05-05 15:42:26,633 - __main__ - INFO - Rate: 0.70 msg/sec | Total: 620 messages
2026-05-05 15:42:35,883 - __main__ - INFO - Rate: 5.44 msg/sec | Total: 3385 messages
2026-05-05 15:42:36,717 - __main__ - INFO - Rate: 1.29 msg/sec | Total: 633 messages
2026-05-05 15:42:45,928 - __main__ - INFO - Rate: 5.87 msg/sec | Total: 3444 messages
2026-05-05 15:42:46,862 - __main__ - INFO - Rate: 1.48 msg/sec | Total: 648 messages
2026-05-05 15:42:55,946 - __main__ - INFO - Rate: 6.69 msg/sec | Total: 3511 messages
2026-05-05 15:42:57,011 - __main__ - INFO - Rate: 1.48 msg/sec | Total: 663 messages
2026-05-05 15:43:06,017 - __main__ - INFO - Rate: 7.25 msg/sec | Total: 3584 messages
2026-05-05 15:43:07,108 - __main__ - INFO - Rate: 0.99 msg/sec | Total: 673 messages
2026-05-05 15:43:16,185 - __main__ - INFO - Rate: 6.39 msg/sec | Total: 3649 messages
2026-05-05 15:43:17,227 - __main__ - INFO - Rate: 1.68 msg/sec | Total: 690 messages
2026-05-05 15:43:26,274 - __main__ - INFO - Rate: 6.64 msg/sec | Total: 3716 messages
2026-05-05 15:43:27,283 - __main__ - INFO - Rate: 0.99 msg/sec | Total: 700 messages
2026-05-05 15:43:36,311 - __main__ - INFO - Rate: 6.87 msg/sec | Total: 3785 messages
2026-05-05 15:43:37,406 - __main__ - INFO - Rate: 1.48 msg/sec | Total: 715 messages
2026-05-05 15:43:46,504 - __main__ - INFO - Rate: 5.59 msg/sec | Total: 3842 messages
2026-05-05 15:43:47,495 - __main__ - INFO - Rate: 1.19 msg/sec | Total: 727 messages
2026-05-05 15:43:56,578 - __main__ - INFO - Rate: 6.35 msg/sec | Total: 3906 messages
2026-05-05 15:43:57,557 - __main__ - INFO - Rate: 1.69 msg/sec | Total: 744 messages
2026-05-05 15:44:06,579 - __main__ - INFO - Rate: 5.50 msg/sec | Total: 3961 messages
2026-05-05 15:44:07,750 - __main__ - INFO - Rate: 0.88 msg/sec | Total: 753 messages
2026-05-05 15:44:16,581 - __main__ - INFO - Rate: 5.90 msg/sec | Total: 4020 messages
2026-05-05 15:44:17,773 - __main__ - INFO - Rate: 0.50 msg/sec | Total: 758 messages
2026-05-05 15:44:26,756 - __main__ - INFO - Rate: 5.80 msg/sec | Total: 4079 messages
2026-05-05 15:44:27,799 - __main__ - INFO - Rate: 1.50 msg/sec | Total: 773 messages
2026-05-05 15:44:36,785 - __main__ - INFO - Rate: 6.08 msg/sec | Total: 4140 messages
2026-05-05 15:44:37,959 - __main__ - INFO - Rate: 1.28 msg/sec | Total: 786 messages
2026-05-05 15:44:46,807 - __main__ - INFO - Rate: 5.69 msg/sec | Total: 4197 messages
2026-05-05 15:44:48,092 - __main__ - INFO - Rate: 1.78 msg/sec | Total: 804 messages
2026-05-05 15:44:56,835 - __main__ - INFO - Rate: 5.09 msg/sec | Total: 4248 messages
2026-05-05 15:44:58,110 - __main__ - INFO - Rate: 0.70 msg/sec | Total: 811 messages
2026-05-05 15:45:06,857 - __main__ - INFO - Rate: 4.59 msg/sec | Total: 4294 messages
2026-05-05 15:45:08,116 - __main__ - INFO - Rate: 0.80 msg/sec | Total: 819 messages
2026-05-05 15:45:16,863 - __main__ - INFO - Rate: 4.70 msg/sec | Total: 4341 messages
2026-05-05 15:45:18,284 - __main__ - INFO - Rate: 0.59 msg/sec | Total: 825 messages
2026-05-05 15:45:26,901 - __main__ - INFO - Rate: 5.48 msg/sec | Total: 4396 messages
2026-05-05 15:45:28,484 - __main__ - INFO - Rate: 0.69 msg/sec | Total: 832 messages
2026-05-05 15:45:36,941 - __main__ - INFO - Rate: 5.78 msg/sec | Total: 4454 messages
2026-05-05 15:45:38,642 - __main__ - INFO - Rate: 1.08 msg/sec | Total: 843 messages
2026-05-05 15:45:47,006 - __main__ - INFO - Rate: 5.46 msg/sec | Total: 4509 messages
2026-05-05 15:45:48,782 - __main__ - INFO - Rate: 0.59 msg/sec | Total: 849 messages
2026-05-05 15:45:57,114 - __main__ - INFO - Rate: 5.34 msg/sec | Total: 4563 messages
2026-05-05 15:45:58,859 - __main__ - INFO - Rate: 0.79 msg/sec | Total: 857 messages
2026-05-05 15:46:07,184 - __main__ - INFO - Rate: 5.06 msg/sec | Total: 4614 messages
2026-05-05 15:46:09,012 - __main__ - INFO - Rate: 1.48 msg/sec | Total: 872 messages
2026-05-05 15:46:17,196 - __main__ - INFO - Rate: 5.09 msg/sec | Total: 4665 messages
2026-05-05 15:46:19,143 - __main__ - INFO - Rate: 0.69 msg/sec | Total: 879 messages
2026-05-05 15:46:27,249 - __main__ - INFO - Rate: 4.08 msg/sec | Total: 4706 messages
2026-05-05 15:46:29,320 - __main__ - INFO - Rate: 0.29 msg/sec | Total: 882 messages
2026-05-05 15:46:37,432 - __main__ - INFO - Rate: 4.52 msg/sec | Total: 4752 messages
2026-05-05 15:46:39,417 - __main__ - INFO - Rate: 0.40 msg/sec | Total: 886 messages
2026-05-05 15:46:47,496 - __main__ - INFO - Rate: 5.37 msg/sec | Total: 4806 messages
2026-05-05 15:46:49,452 - __main__ - INFO - Rate: 0.70 msg/sec | Total: 893 messages
2026-05-05 15:46:57,504 - __main__ - INFO - Rate: 6.00 msg/sec | Total: 4866 messages
2026-05-05 15:46:59,573 - __main__ - INFO - Rate: 1.28 msg/sec | Total: 906 messages
2026-05-05 15:47:07,631 - __main__ - INFO - Rate: 4.94 msg/sec | Total: 4916 messages
2026-05-05 15:47:09,627 - __main__ - INFO - Rate: 0.90 msg/sec | Total: 915 messages
2026-05-05 15:47:17,822 - __main__ - INFO - Rate: 5.99 msg/sec | Total: 4977 messages
2026-05-05 15:47:19,680 - __main__ - INFO - Rate: 0.70 msg/sec | Total: 922 messages
2026-05-05 15:47:27,955 - __main__ - INFO - Rate: 5.72 msg/sec | Total: 5035 messages
2026-05-05 15:47:29,696 - __main__ - INFO - Rate: 0.90 msg/sec | Total: 931 messages
2026-05-05 15:47:38,096 - __main__ - INFO - Rate: 5.52 msg/sec | Total: 5091 messages
2026-05-05 15:47:39,879 - __main__ - INFO - Rate: 0.69 msg/sec | Total: 938 messages
2026-05-05 15:47:48,268 - __main__ - INFO - Rate: 6.19 msg/sec | Total: 5154 messages
2026-05-05 15:47:49,997 - __main__ - INFO - Rate: 0.89 msg/sec | Total: 947 messages
2026-05-05 15:47:58,317 - __main__ - INFO - Rate: 7.96 msg/sec | Total: 5234 messages
2026-05-05 15:48:00,025 - __main__ - INFO - Rate: 0.90 msg/sec | Total: 956 messages
2026-05-05 15:48:08,339 - __main__ - INFO - Rate: 6.19 msg/sec | Total: 5296 messages
2026-05-05 15:48:10,071 - __main__ - INFO - Rate: 0.40 msg/sec | Total: 960 messages
2026-05-05 15:48:18,342 - __main__ - INFO - Rate: 7.10 msg/sec | Total: 5367 messages
2026-05-05 15:48:20,195 - __main__ - INFO - Rate: 0.69 msg/sec | Total: 967 messages
2026-05-05 15:48:28,409 - __main__ - INFO - Rate: 4.97 msg/sec | Total: 5417 messages
2026-05-05 15:48:30,308 - __main__ - INFO - Rate: 1.19 msg/sec | Total: 979 messages
2026-05-05 15:48:38,430 - __main__ - INFO - Rate: 5.29 msg/sec | Total: 5470 messages
2026-05-05 15:48:40,493 - __main__ - INFO - Rate: 0.79 msg/sec | Total: 987 messages
2026-05-05 15:48:48,439 - __main__ - INFO - Rate: 5.59 msg/sec | Total: 5526 messages
2026-05-05 15:48:50,600 - __main__ - INFO - Rate: 0.89 msg/sec | Total: 996 messages
2026-05-05 15:48:58,462 - __main__ - INFO - Rate: 6.58 msg/sec | Total: 5592 messages
2026-05-05 15:49:00,763 - __main__ - INFO - Rate: 1.18 msg/sec | Total: 1008 messages
2026-05-05 15:49:08,632 - __main__ - INFO - Rate: 5.60 msg/sec | Total: 5649 messages
2026-05-05 15:49:10,766 - __main__ - INFO - Rate: 0.40 msg/sec | Total: 1012 messages
2026-05-05 15:49:18,681 - __main__ - INFO - Rate: 7.16 msg/sec | Total: 5721 messages
2026-05-05 15:49:20,800 - __main__ - INFO - Rate: 0.70 msg/sec | Total: 1019 messages
2026-05-05 15:49:28,740 - __main__ - INFO - Rate: 5.27 msg/sec | Total: 5774 messages
2026-05-05 15:49:31,003 - __main__ - INFO - Rate: 0.49 msg/sec | Total: 1024 messages
2026-05-05 15:49:38,859 - __main__ - INFO - Rate: 4.94 msg/sec | Total: 5824 messages
2026-05-05 15:49:41,115 - __main__ - INFO - Rate: 0.89 msg/sec | Total: 1033 messages
2026-05-05 15:49:48,894 - __main__ - INFO - Rate: 4.98 msg/sec | Total: 5874 messages
2026-05-05 15:49:51,138 - __main__ - INFO - Rate: 0.90 msg/sec | Total: 1042 messages
2026-05-05 15:49:59,061 - __main__ - INFO - Rate: 5.51 msg/sec | Total: 5930 messages
2026-05-05 15:50:01,162 - __main__ - INFO - Rate: 0.50 msg/sec | Total: 1047 messages
2026-05-05 15:50:09,182 - __main__ - INFO - Rate: 5.53 msg/sec | Total: 5986 messages
2026-05-05 15:50:11,167 - __main__ - INFO - Rate: 1.00 msg/sec | Total: 1057 messages
2026-05-05 15:50:19,188 - __main__ - INFO - Rate: 6.50 msg/sec | Total: 6051 messages
2026-05-05 15:50:21,301 - __main__ - INFO - Rate: 0.79 msg/sec | Total: 1065 messages
2026-05-05 15:50:29,294 - __main__ - INFO - Rate: 7.12 msg/sec | Total: 6123 messages
2026-05-05 15:50:31,455 - __main__ - INFO - Rate: 0.69 msg/sec | Total: 1072 messages
2026-05-05 15:50:39,439 - __main__ - INFO - Rate: 6.41 msg/sec | Total: 6188 messages
2026-05-05 15:50:41,477 - __main__ - INFO - Rate: 1.10 msg/sec | Total: 1083 messages
2026-05-05 15:50:49,443 - __main__ - INFO - Rate: 5.70 msg/sec | Total: 6245 messages
2026-05-05 15:50:51,501 - __main__ - INFO - Rate: 1.00 msg/sec | Total: 1093 messages
2026-05-05 15:50:59,592 - __main__ - INFO - Rate: 5.81 msg/sec | Total: 6304 messages
2026-05-05 15:51:01,516 - __main__ - INFO - Rate: 0.80 msg/sec | Total: 1101 messages
2026-05-05 15:51:09,610 - __main__ - INFO - Rate: 5.19 msg/sec | Total: 6356 messages
2026-05-05 15:51:11,683 - __main__ - INFO - Rate: 0.69 msg/sec | Total: 1108 messages
2026-05-05 15:51:19,814 - __main__ - INFO - Rate: 5.98 msg/sec | Total: 6417 messages
2026-05-05 15:51:21,863 - __main__ - INFO - Rate: 0.79 msg/sec | Total: 1116 messages
2026-05-05 15:51:29,826 - __main__ - INFO - Rate: 4.99 msg/sec | Total: 6467 messages
2026-05-05 15:51:31,942 - __main__ - INFO - Rate: 0.69 msg/sec | Total: 1123 messages
2026-05-05 15:51:39,920 - __main__ - INFO - Rate: 5.55 msg/sec | Total: 6523 messages
2026-05-05 15:51:42,137 - __main__ - INFO - Rate: 0.20 msg/sec | Total: 1125 messages
2026-05-05 15:51:49,974 - __main__ - INFO - Rate: 6.27 msg/sec | Total: 6586 messages
2026-05-05 15:51:52,323 - __main__ - INFO - Rate: 0.29 msg/sec | Total: 1128 messages
2026-05-05 15:51:59,977 - __main__ - INFO - Rate: 6.30 msg/sec | Total: 6649 messages
2026-05-05 15:52:02,347 - __main__ - INFO - Rate: 0.60 msg/sec | Total: 1134 messages
2026-05-05 15:52:09,993 - __main__ - INFO - Rate: 6.49 msg/sec | Total: 6714 messages
2026-05-05 15:52:12,358 - __main__ - INFO - Rate: 0.10 msg/sec | Total: 1135 messages
2026-05-05 15:52:20,045 - __main__ - INFO - Rate: 5.57 msg/sec | Total: 6770 messages
2026-05-05 15:52:22,427 - __main__ - INFO - Rate: 0.60 msg/sec | Total: 1141 messages
2026-05-05 15:52:30,088 - __main__ - INFO - Rate: 6.27 msg/sec | Total: 6833 messages
2026-05-05 15:52:32,545 - __main__ - INFO - Rate: 0.49 msg/sec | Total: 1146 messages
2026-05-05 15:52:40,181 - __main__ - INFO - Rate: 4.66 msg/sec | Total: 6880 messages
2026-05-05 15:52:42,577 - __main__ - INFO - Rate: 0.10 msg/sec | Total: 1147 messages
2026-05-05 15:52:50,218 - __main__ - INFO - Rate: 6.38 msg/sec | Total: 6944 messages
2026-05-05 15:52:52,615 - __main__ - INFO - Rate: 0.20 msg/sec | Total: 1149 messages
2026-05-05 15:53:00,314 - __main__ - INFO - Rate: 6.04 msg/sec | Total: 7005 messages
2026-05-05 15:53:02,714 - __main__ - INFO - Rate: 0.20 msg/sec | Total: 1151 messages
2026-05-05 15:53:10,372 - __main__ - INFO - Rate: 6.16 msg/sec | Total: 7067 messages
2026-05-05 15:53:12,850 - __main__ - INFO - Rate: 0.10 msg/sec | Total: 1152 messages
2026-05-05 15:53:20,455 - __main__ - INFO - Rate: 5.75 msg/sec | Total: 7125 messages
2026-05-05 15:53:22,933 - __main__ - INFO - Rate: 0.79 msg/sec | Total: 1160 messages
2026-05-05 15:53:30,610 - __main__ - INFO - Rate: 6.89 msg/sec | Total: 7195 messages
2026-05-05 15:53:33,120 - __main__ - INFO - Rate: 0.69 msg/sec | Total: 1167 messages
2026-05-05 15:53:40,726 - __main__ - INFO - Rate: 6.03 msg/sec | Total: 7256 messages
2026-05-05 15:53:43,238 - __main__ - INFO - Rate: 0.40 msg/sec | Total: 1171 messages
2026-05-05 15:53:50,752 - __main__ - INFO - Rate: 6.18 msg/sec | Total: 7318 messages
2026-05-05 15:53:53,376 - __main__ - INFO - Rate: 0.39 msg/sec | Total: 1175 messages
2026-05-05 15:54:00,766 - __main__ - INFO - Rate: 5.59 msg/sec | Total: 7374 messages
2026-05-05 15:54:03,453 - __main__ - INFO - Rate: 0.79 msg/sec | Total: 1183 messages
2026-05-05 15:54:10,837 - __main__ - INFO - Rate: 7.05 msg/sec | Total: 7445 messages
2026-05-05 15:54:13,485 - __main__ - INFO - Rate: 0.30 msg/sec | Total: 1186 messages
2026-05-05 15:54:20,837 - __main__ - INFO - Rate: 6.50 msg/sec | Total: 7510 messages
2026-05-05 15:54:23,515 - __main__ - INFO - Rate: 0.50 msg/sec | Total: 1191 messages
2026-05-05 15:54:30,920 - __main__ - INFO - Rate: 5.75 msg/sec | Total: 7568 messages
2026-05-05 15:54:33,617 - __main__ - INFO - Rate: 0.79 msg/sec | Total: 1199 messages
2026-05-05 15:54:41,014 - __main__ - INFO - Rate: 5.65 msg/sec | Total: 7625 messages
2026-05-05 15:54:43,703 - __main__ - INFO - Rate: 0.20 msg/sec | Total: 1201 messages
2026-05-05 15:54:51,074 - __main__ - INFO - Rate: 5.27 msg/sec | Total: 7678 messages
2026-05-05 15:54:53,795 - __main__ - INFO - Rate: 0.30 msg/sec | Total: 1204 messages
2026-05-05 15:55:01,140 - __main__ - INFO - Rate: 7.05 msg/sec | Total: 7749 messages
2026-05-05 15:55:03,847 - __main__ - INFO - Rate: 0.40 msg/sec | Total: 1208 messages
2026-05-05 15:55:11,249 - __main__ - INFO - Rate: 7.02 msg/sec | Total: 7820 messages
2026-05-05 15:55:13,925 - __main__ - INFO - Rate: 1.19 msg/sec | Total: 1220 messages
2026-05-05 15:55:21,307 - __main__ - INFO - Rate: 6.66 msg/sec | Total: 7887 messages
2026-05-05 15:55:24,037 - __main__ - INFO - Rate: 1.38 msg/sec | Total: 1234 messages
2026-05-05 15:55:31,456 - __main__ - INFO - Rate: 6.70 msg/sec | Total: 7955 messages
2026-05-05 15:55:34,125 - __main__ - INFO - Rate: 1.29 msg/sec | Total: 1247 messages
2026-05-05 15:55:41,636 - __main__ - INFO - Rate: 5.70 msg/sec | Total: 8013 messages
2026-05-05 15:55:44,140 - __main__ - INFO - Rate: 0.70 msg/sec | Total: 1254 messages
2026-05-05 15:55:51,639 - __main__ - INFO - Rate: 6.00 msg/sec | Total: 8073 messages
2026-05-05 15:55:54,150 - __main__ - INFO - Rate: 0.50 msg/sec | Total: 1259 messages
2026-05-05 15:56:01,749 - __main__ - INFO - Rate: 5.74 msg/sec | Total: 8131 messages
2026-05-05 15:56:04,184 - __main__ - INFO - Rate: 1.20 msg/sec | Total: 1271 messages
2026-05-05 15:56:11,799 - __main__ - INFO - Rate: 5.47 msg/sec | Total: 8186 messages
2026-05-05 15:56:14,337 - __main__ - INFO - Rate: 0.79 msg/sec | Total: 1279 messages
2026-05-05 15:56:21,921 - __main__ - INFO - Rate: 4.84 msg/sec | Total: 8235 messages
2026-05-05 15:56:24,424 - __main__ - INFO - Rate: 0.59 msg/sec | Total: 1285 messages
2026-05-05 15:56:32,023 - __main__ - INFO - Rate: 5.64 msg/sec | Total: 8292 messages
2026-05-05 15:56:34,514 - __main__ - INFO - Rate: 0.69 msg/sec | Total: 1292 messages
2026-05-05 15:56:42,107 - __main__ - INFO - Rate: 5.35 msg/sec | Total: 8346 messages
2026-05-05 15:56:44,628 - __main__ - INFO - Rate: 0.69 msg/sec | Total: 1299 messages
2026-05-05 15:56:52,223 - __main__ - INFO - Rate: 5.54 msg/sec | Total: 8402 messages
2026-05-05 15:56:54,667 - __main__ - INFO - Rate: 1.10 msg/sec | Total: 1310 messages
2026-05-05 15:57:02,250 - __main__ - INFO - Rate: 6.08 msg/sec | Total: 8463 messages
2026-05-05 15:57:04,706 - __main__ - INFO - Rate: 0.70 msg/sec | Total: 1317 messages
2026-05-05 15:57:12,325 - __main__ - INFO - Rate: 6.45 msg/sec | Total: 8528 messages
2026-05-05 15:57:14,859 - __main__ - INFO - Rate: 0.98 msg/sec | Total: 1327 messages
2026-05-05 15:57:22,431 - __main__ - INFO - Rate: 6.53 msg/sec | Total: 8594 messages
2026-05-05 15:57:25,057 - __main__ - INFO - Rate: 0.98 msg/sec | Total: 1337 messages
2026-05-05 15:57:32,497 - __main__ - INFO - Rate: 4.47 msg/sec | Total: 8639 messages
2026-05-05 15:57:35,241 - __main__ - INFO - Rate: 0.79 msg/sec | Total: 1345 messages
2026-05-05 15:57:42,571 - __main__ - INFO - Rate: 5.46 msg/sec | Total: 8694 messages
2026-05-05 15:57:45,341 - __main__ - INFO - Rate: 0.89 msg/sec | Total: 1354 messages
2026-05-05 15:57:52,596 - __main__ - INFO - Rate: 7.78 msg/sec | Total: 8772 messages
2026-05-05 15:57:55,534 - __main__ - INFO - Rate: 0.69 msg/sec | Total: 1361 messages
2026-05-05 15:58:02,625 - __main__ - INFO - Rate: 7.08 msg/sec | Total: 8843 messages
2026-05-05 15:58:05,637 - __main__ - INFO - Rate: 0.49 msg/sec | Total: 1366 messages
2026-05-05 15:58:12,630 - __main__ - INFO - Rate: 5.90 msg/sec | Total: 8902 messages
2026-05-05 15:58:15,637 - __main__ - INFO - Rate: 0.60 msg/sec | Total: 1372 messages
2026-05-05 15:58:22,674 - __main__ - INFO - Rate: 5.97 msg/sec | Total: 8962 messages
2026-05-05 15:58:25,702 - __main__ - INFO - Rate: 0.70 msg/sec | Total: 1379 messages
2026-05-05 15:58:32,768 - __main__ - INFO - Rate: 4.76 msg/sec | Total: 9010 messages
2026-05-05 15:58:35,709 - __main__ - INFO - Rate: 0.40 msg/sec | Total: 1383 messages
2026-05-05 15:58:42,911 - __main__ - INFO - Rate: 6.11 msg/sec | Total: 9072 messages
2026-05-05 15:58:45,787 - __main__ - INFO - Rate: 0.30 msg/sec | Total: 1386 messages
2026-05-05 15:58:52,915 - __main__ - INFO - Rate: 5.70 msg/sec | Total: 9129 messages
2026-05-05 15:58:55,921 - __main__ - INFO - Rate: 0.89 msg/sec | Total: 1395 messages
2026-05-05 15:59:03,084 - __main__ - INFO - Rate: 6.49 msg/sec | Total: 9195 messages
2026-05-05 15:59:05,980 - __main__ - INFO - Rate: 0.30 msg/sec | Total: 1398 messages
2026-05-05 15:59:13,281 - __main__ - INFO - Rate: 6.77 msg/sec | Total: 9264 messages
2026-05-05 15:59:16,052 - __main__ - INFO - Rate: 0.79 msg/sec | Total: 1406 messages
2026-05-05 15:59:23,475 - __main__ - INFO - Rate: 5.79 msg/sec | Total: 9323 messages
2026-05-05 15:59:26,223 - __main__ - INFO - Rate: 0.69 msg/sec | Total: 1413 messages
2026-05-05 15:59:33,683 - __main__ - INFO - Rate: 5.98 msg/sec | Total: 9384 messages
2026-05-05 15:59:36,295 - __main__ - INFO - Rate: 0.40 msg/sec | Total: 1417 messages
2026-05-05 15:59:43,832 - __main__ - INFO - Rate: 5.72 msg/sec | Total: 9442 messages
2026-05-05 15:59:46,426 - __main__ - INFO - Rate: 0.89 msg/sec | Total: 1426 messages
2026-05-05 15:59:53,869 - __main__ - INFO - Rate: 5.68 msg/sec | Total: 9499 messages
2026-05-05 15:59:56,428 - __main__ - INFO - Rate: 0.60 msg/sec | Total: 1432 messages
2026-05-05 16:00:04,014 - __main__ - INFO - Rate: 4.83 msg/sec | Total: 9548 messages
2026-05-05 16:00:06,595 - __main__ - INFO - Rate: 0.49 msg/sec | Total: 1437 messages
2026-05-05 16:00:14,029 - __main__ - INFO - Rate: 6.59 msg/sec | Total: 9614 messages
2026-05-05 16:00:16,632 - __main__ - INFO - Rate: 0.70 msg/sec | Total: 1444 messages
2026-05-05 16:00:24,233 - __main__ - INFO - Rate: 7.06 msg/sec | Total: 9686 messages
2026-05-05 16:00:26,730 - __main__ - INFO - Rate: 0.59 msg/sec | Total: 1450 messages
2026-05-05 16:00:34,256 - __main__ - INFO - Rate: 6.19 msg/sec | Total: 9748 messages
2026-05-05 16:00:36,870 - __main__ - INFO - Rate: 0.49 msg/sec | Total: 1455 messages
2026-05-05 16:00:44,277 - __main__ - INFO - Rate: 4.89 msg/sec | Total: 9797 messages
2026-05-05 16:00:46,972 - __main__ - INFO - Rate: 0.40 msg/sec | Total: 1459 messages
2026-05-05 16:00:54,377 - __main__ - INFO - Rate: 6.34 msg/sec | Total: 9861 messages
2026-05-05 16:00:57,120 - __main__ - INFO - Rate: 0.30 msg/sec | Total: 1462 messages
2026-05-05 16:01:04,429 - __main__ - INFO - Rate: 5.77 msg/sec | Total: 9919 messages
2026-05-05 16:01:07,172 - __main__ - INFO - Rate: 0.90 msg/sec | Total: 1471 messages
2026-05-05 16:01:14,531 - __main__ - INFO - Rate: 4.95 msg/sec | Total: 9969 messages
2026-05-05 16:01:17,224 - __main__ - INFO - Rate: 0.20 msg/sec | Total: 1473 messages
2026-05-05 16:01:24,696 - __main__ - INFO - Rate: 6.39 msg/sec | Total: 10034 messages
2026-05-05 16:01:27,242 - __main__ - INFO - Rate: 0.40 msg/sec | Total: 1477 messages
2026-05-05 16:01:34,698 - __main__ - INFO - Rate: 7.60 msg/sec | Total: 10110 messages
2026-05-05 16:01:37,413 - __main__ - INFO - Rate: 0.79 msg/sec | Total: 1485 messages
2026-05-05 16:01:44,734 - __main__ - INFO - Rate: 5.98 msg/sec | Total: 10170 messages
2026-05-05 16:01:47,571 - __main__ - INFO - Rate: 0.59 msg/sec | Total: 1491 messages
2026-05-05 16:01:54,802 - __main__ - INFO - Rate: 7.05 msg/sec | Total: 10241 messages
2026-05-05 16:01:57,702 - __main__ - INFO - Rate: 0.39 msg/sec | Total: 1495 messages
2026-05-05 16:02:04,908 - __main__ - INFO - Rate: 6.23 msg/sec | Total: 10304 messages
2026-05-05 16:02:07,705 - __main__ - INFO - Rate: 0.40 msg/sec | Total: 1499 messages
2026-05-05 16:02:14,938 - __main__ - INFO - Rate: 5.78 msg/sec | Total: 10362 messages
2026-05-05 16:02:17,839 - __main__ - INFO - Rate: 0.30 msg/sec | Total: 1502 messages
2026-05-05 16:02:25,034 - __main__ - INFO - Rate: 6.83 msg/sec | Total: 10431 messages
2026-05-05 16:02:27,955 - __main__ - INFO - Rate: 0.79 msg/sec | Total: 1510 messages
2026-05-05 16:02:35,102 - __main__ - INFO - Rate: 6.36 msg/sec | Total: 10495 messages
2026-05-05 16:02:38,143 - __main__ - INFO - Rate: 0.59 msg/sec | Total: 1516 messages
2026-05-05 16:02:45,223 - __main__ - INFO - Rate: 6.62 msg/sec | Total: 10562 messages
2026-05-05 16:02:48,256 - __main__ - INFO - Rate: 0.79 msg/sec | Total: 1524 messages
2026-05-05 16:02:55,445 - __main__ - INFO - Rate: 6.26 msg/sec | Total: 10626 messages
2026-05-05 16:02:58,420 - __main__ - INFO - Rate: 1.38 msg/sec | Total: 1538 messages
2026-05-05 16:03:05,479 - __main__ - INFO - Rate: 5.18 msg/sec | Total: 10678 messages
2026-05-05 16:03:08,519 - __main__ - INFO - Rate: 0.69 msg/sec | Total: 1545 messages
2026-05-05 16:03:15,586 - __main__ - INFO - Rate: 5.34 msg/sec | Total: 10732 messages
2026-05-05 16:03:18,637 - __main__ - INFO - Rate: 0.79 msg/sec | Total: 1553 messages
2026-05-05 16:03:25,617 - __main__ - INFO - Rate: 6.98 msg/sec | Total: 10802 messages
2026-05-05 16:03:28,724 - __main__ - INFO - Rate: 0.30 msg/sec | Total: 1556 messages
2026-05-05 16:03:35,628 - __main__ - INFO - Rate: 5.79 msg/sec | Total: 10860 messages
2026-05-05 16:03:38,811 - __main__ - INFO - Rate: 0.40 msg/sec | Total: 1560 messages
2026-05-05 16:03:45,659 - __main__ - INFO - Rate: 6.88 msg/sec | Total: 10929 messages
2026-05-05 16:03:48,847 - __main__ - INFO - Rate: 0.80 msg/sec | Total: 1568 messages
2026-05-05 16:03:55,730 - __main__ - INFO - Rate: 6.55 msg/sec | Total: 10995 messages
2026-05-05 16:03:58,934 - __main__ - INFO - Rate: 0.69 msg/sec | Total: 1575 messages
2026-05-05 16:04:05,919 - __main__ - INFO - Rate: 5.59 msg/sec | Total: 11052 messages
2026-05-05 16:04:09,065 - __main__ - INFO - Rate: 1.09 msg/sec | Total: 1586 messages
2026-05-05 16:04:16,035 - __main__ - INFO - Rate: 4.45 msg/sec | Total: 11097 messages
2026-05-05 16:04:19,068 - __main__ - INFO - Rate: 0.60 msg/sec | Total: 1592 messages
2026-05-05 16:04:26,060 - __main__ - INFO - Rate: 4.69 msg/sec | Total: 11144 messages
2026-05-05 16:04:29,082 - __main__ - INFO - Rate: 0.40 msg/sec | Total: 1596 messages
2026-05-05 16:04:36,121 - __main__ - INFO - Rate: 6.06 msg/sec | Total: 11205 messages
2026-05-05 16:04:39,172 - __main__ - INFO - Rate: 0.50 msg/sec | Total: 1601 messages
2026-05-05 16:04:46,129 - __main__ - INFO - Rate: 5.50 msg/sec | Total: 11260 messages
2026-05-05 16:04:49,255 - __main__ - INFO - Rate: 0.89 msg/sec | Total: 1610 messages
2026-05-05 16:04:56,183 - __main__ - INFO - Rate: 5.57 msg/sec | Total: 11316 messages
2026-05-05 16:04:59,258 - __main__ - INFO - Rate: 1.30 msg/sec | Total: 1623 messages
2026-05-05 16:05:06,266 - __main__ - INFO - Rate: 5.85 msg/sec | Total: 11375 messages
2026-05-05 16:05:09,282 - __main__ - INFO - Rate: 1.90 msg/sec | Total: 1642 messages
2026-05-05 16:05:16,322 - __main__ - INFO - Rate: 6.07 msg/sec | Total: 11436 messages
2026-05-05 16:05:19,445 - __main__ - INFO - Rate: 0.30 msg/sec | Total: 1645 messages
2026-05-05 16:05:26,339 - __main__ - INFO - Rate: 4.89 msg/sec | Total: 11485 messages
2026-05-05 16:05:29,531 - __main__ - INFO - Rate: 0.79 msg/sec | Total: 1653 messages
2026-05-05 16:05:36,499 - __main__ - INFO - Rate: 5.51 msg/sec | Total: 11541 messages
2026-05-05 16:05:39,532 - __main__ - INFO - Rate: 0.50 msg/sec | Total: 1658 messages
2026-05-05 16:05:46,583 - __main__ - INFO - Rate: 5.55 msg/sec | Total: 11597 messages
2026-05-05 16:05:49,701 - __main__ - INFO - Rate: 0.49 msg/sec | Total: 1663 messages
2026-05-05 16:05:56,768 - __main__ - INFO - Rate: 5.50 msg/sec | Total: 11653 messages
2026-05-05 16:05:59,847 - __main__ - INFO - Rate: 0.89 msg/sec | Total: 1672 messages
2026-05-05 16:06:06,844 - __main__ - INFO - Rate: 6.95 msg/sec | Total: 11723 messages
2026-05-05 16:06:09,987 - __main__ - INFO - Rate: 1.78 msg/sec | Total: 1690 messages
2026-05-05 16:06:16,939 - __main__ - INFO - Rate: 7.03 msg/sec | Total: 11794 messages
2026-05-05 16:06:20,127 - __main__ - INFO - Rate: 1.08 msg/sec | Total: 1701 messages
2026-05-05 16:06:27,064 - __main__ - INFO - Rate: 5.33 msg/sec | Total: 11848 messages
2026-05-05 16:06:30,159 - __main__ - INFO - Rate: 1.10 msg/sec | Total: 1712 messages
2026-05-05 16:06:37,168 - __main__ - INFO - Rate: 5.94 msg/sec | Total: 11908 messages
2026-05-05 16:06:40,282 - __main__ - INFO - Rate: 1.09 msg/sec | Total: 1723 messages
2026-05-05 16:06:47,173 - __main__ - INFO - Rate: 5.70 msg/sec | Total: 11965 messages
2026-05-05 16:06:50,347 - __main__ - INFO - Rate: 0.30 msg/sec | Total: 1726 messages
2026-05-05 16:06:57,232 - __main__ - INFO - Rate: 6.46 msg/sec | Total: 12030 messages
2026-05-05 16:07:00,501 - __main__ - INFO - Rate: 0.98 msg/sec | Total: 1736 messages
2026-05-05 16:07:07,297 - __main__ - INFO - Rate: 5.27 msg/sec | Total: 12083 messages
2026-05-05 16:07:10,530 - __main__ - INFO - Rate: 0.70 msg/sec | Total: 1743 messages
2026-05-05 16:07:17,382 - __main__ - INFO - Rate: 5.26 msg/sec | Total: 12136 messages
2026-05-05 16:07:20,603 - __main__ - INFO - Rate: 0.69 msg/sec | Total: 1750 messages
2026-05-05 16:07:27,391 - __main__ - INFO - Rate: 6.49 msg/sec | Total: 12201 messages
2026-05-05 16:07:30,622 - __main__ - INFO - Rate: 0.80 msg/sec | Total: 1758 messages
2026-05-05 16:07:37,444 - __main__ - INFO - Rate: 6.66 msg/sec | Total: 12268 messages
2026-05-05 16:07:40,627 - __main__ - INFO - Rate: 0.70 msg/sec | Total: 1765 messages
2026-05-05 16:07:47,528 - __main__ - INFO - Rate: 5.85 msg/sec | Total: 12327 messages
2026-05-05 16:07:50,720 - __main__ - INFO - Rate: 0.79 msg/sec | Total: 1773 messages
2026-05-05 16:07:57,578 - __main__ - INFO - Rate: 6.17 msg/sec | Total: 12389 messages
2026-05-05 16:08:00,912 - __main__ - INFO - Rate: 0.78 msg/sec | Total: 1781 messages
2026-05-05 16:08:07,595 - __main__ - INFO - Rate: 5.39 msg/sec | Total: 12443 messages
2026-05-05 16:08:10,964 - __main__ - INFO - Rate: 0.50 msg/sec | Total: 1786 messages
2026-05-05 16:08:17,631 - __main__ - INFO - Rate: 7.57 msg/sec | Total: 12519 messages
2026-05-05 16:08:21,018 - __main__ - INFO - Rate: 0.90 msg/sec | Total: 1795 messages
2026-05-05 16:08:27,744 - __main__ - INFO - Rate: 6.13 msg/sec | Total: 12581 messages
2026-05-05 16:08:31,084 - __main__ - INFO - Rate: 0.30 msg/sec | Total: 1798 messages
2026-05-05 16:08:37,837 - __main__ - INFO - Rate: 5.55 msg/sec | Total: 12637 messages
2026-05-05 16:08:41,171 - __main__ - INFO - Rate: 0.50 msg/sec | Total: 1803 messages
2026-05-05 16:08:47,874 - __main__ - INFO - Rate: 5.18 msg/sec | Total: 12689 messages
2026-05-05 16:08:51,339 - __main__ - INFO - Rate: 0.49 msg/sec | Total: 1808 messages
2026-05-05 16:08:58,009 - __main__ - INFO - Rate: 4.93 msg/sec | Total: 12739 messages
2026-05-05 16:09:01,539 - __main__ - INFO - Rate: 0.10 msg/sec | Total: 1809 messages
2026-05-05 16:09:08,027 - __main__ - INFO - Rate: 5.09 msg/sec | Total: 12790 messages
2026-05-05 16:09:11,678 - __main__ - INFO - Rate: 0.30 msg/sec | Total: 1812 messages
2026-05-05 16:09:18,043 - __main__ - INFO - Rate: 5.29 msg/sec | Total: 12843 messages
2026-05-05 16:09:21,793 - __main__ - INFO - Rate: 0.30 msg/sec | Total: 1815 messages
2026-05-05 16:09:28,119 - __main__ - INFO - Rate: 6.75 msg/sec | Total: 12911 messages
2026-05-05 16:09:31,905 - __main__ - INFO - Rate: 0.20 msg/sec | Total: 1817 messages
2026-05-05 16:09:38,205 - __main__ - INFO - Rate: 6.74 msg/sec | Total: 12979 messages
2026-05-05 16:09:41,934 - __main__ - INFO - Rate: 0.20 msg/sec | Total: 1819 messages
2026-05-05 16:09:48,349 - __main__ - INFO - Rate: 6.11 msg/sec | Total: 13041 messages
2026-05-05 16:09:51,946 - __main__ - INFO - Rate: 0.40 msg/sec | Total: 1823 messages
2026-05-05 16:09:58,489 - __main__ - INFO - Rate: 5.82 msg/sec | Total: 13100 messages
2026-05-05 16:10:02,086 - __main__ - INFO - Rate: 0.49 msg/sec | Total: 1828 messages
2026-05-05 16:10:08,552 - __main__ - INFO - Rate: 5.47 msg/sec | Total: 13155 messages
2026-05-05 16:10:12,240 - __main__ - INFO - Rate: 0.00 msg/sec | Total: 1828 messages
2026-05-05 16:10:18,558 - __main__ - INFO - Rate: 6.50 msg/sec | Total: 13220 messages
2026-05-05 16:10:22,375 - __main__ - INFO - Rate: 0.10 msg/sec | Total: 1829 messages
2026-05-05 16:10:28,661 - __main__ - INFO - Rate: 5.05 msg/sec | Total: 13271 messages
2026-05-05 16:10:32,553 - __main__ - INFO - Rate: 0.98 msg/sec | Total: 1839 messages
2026-05-05 16:10:38,812 - __main__ - INFO - Rate: 6.80 msg/sec | Total: 13340 messages
2026-05-05 16:10:42,568 - __main__ - INFO - Rate: 0.40 msg/sec | Total: 1843 messages
2026-05-05 16:10:48,850 - __main__ - INFO - Rate: 6.48 msg/sec | Total: 13405 messages
2026-05-05 16:10:52,765 - __main__ - INFO - Rate: 0.49 msg/sec | Total: 1848 messages
2026-05-05 16:10:58,970 - __main__ - INFO - Rate: 5.63 msg/sec | Total: 13462 messages
2026-05-05 16:11:02,824 - __main__ - INFO - Rate: 0.60 msg/sec | Total: 1854 messages
2026-05-05 16:11:08,996 - __main__ - INFO - Rate: 6.38 msg/sec | Total: 13526 messages
2026-05-05 16:11:12,958 - __main__ - INFO - Rate: 1.09 msg/sec | Total: 1865 messages
2026-05-05 16:11:19,058 - __main__ - INFO - Rate: 5.37 msg/sec | Total: 13580 messages
2026-05-05 16:11:23,045 - __main__ - INFO - Rate: 0.99 msg/sec | Total: 1875 messages
2026-05-05 16:11:29,068 - __main__ - INFO - Rate: 4.60 msg/sec | Total: 13626 messages
2026-05-05 16:11:33,225 - __main__ - INFO - Rate: 1.08 msg/sec | Total: 1886 messages
2026-05-05 16:11:39,208 - __main__ - INFO - Rate: 5.82 msg/sec | Total: 13685 messages
2026-05-05 16:11:43,319 - __main__ - INFO - Rate: 1.59 msg/sec | Total: 1902 messages
2026-05-05 16:11:49,230 - __main__ - INFO - Rate: 6.59 msg/sec | Total: 13751 messages
2026-05-05 16:11:53,454 - __main__ - INFO - Rate: 1.18 msg/sec | Total: 1914 messages
2026-05-05 16:11:59,280 - __main__ - INFO - Rate: 5.47 msg/sec | Total: 13806 messages
2026-05-05 16:12:03,564 - __main__ - INFO - Rate: 1.19 msg/sec | Total: 1926 messages
2026-05-05 16:12:09,292 - __main__ - INFO - Rate: 6.39 msg/sec | Total: 13870 messages
2026-05-05 16:12:13,594 - __main__ - INFO - Rate: 0.70 msg/sec | Total: 1933 messages
2026-05-05 16:12:19,385 - __main__ - INFO - Rate: 6.44 msg/sec | Total: 13935 messages
2026-05-05 16:12:23,602 - __main__ - INFO - Rate: 0.70 msg/sec | Total: 1940 messages
2026-05-05 16:12:29,435 - __main__ - INFO - Rate: 4.78 msg/sec | Total: 13983 messages
2026-05-05 16:12:33,720 - __main__ - INFO - Rate: 0.59 msg/sec | Total: 1946 messages
2026-05-05 16:12:39,550 - __main__ - INFO - Rate: 6.03 msg/sec | Total: 14044 messages
2026-05-05 16:12:43,774 - __main__ - INFO - Rate: 1.59 msg/sec | Total: 1962 messages
2026-05-05 16:12:49,591 - __main__ - INFO - Rate: 6.17 msg/sec | Total: 14106 messages
2026-05-05 16:12:53,811 - __main__ - INFO - Rate: 1.79 msg/sec | Total: 1980 messages
2026-05-05 16:12:59,637 - __main__ - INFO - Rate: 6.17 msg/sec | Total: 14168 messages
2026-05-05 16:13:03,956 - __main__ - INFO - Rate: 1.28 msg/sec | Total: 1993 messages
2026-05-05 16:13:09,816 - __main__ - INFO - Rate: 5.70 msg/sec | Total: 14226 messages
2026-05-05 16:13:14,113 - __main__ - INFO - Rate: 1.67 msg/sec | Total: 2010 messages
2026-05-05 16:13:19,855 - __main__ - INFO - Rate: 5.48 msg/sec | Total: 14281 messages
2026-05-05 16:13:24,248 - __main__ - INFO - Rate: 0.59 msg/sec | Total: 2016 messages
2026-05-05 16:13:29,913 - __main__ - INFO - Rate: 6.06 msg/sec | Total: 14342 messages
2026-05-05 16:13:34,357 - __main__ - INFO - Rate: 1.38 msg/sec | Total: 2030 messages
2026-05-05 16:13:39,916 - __main__ - INFO - Rate: 5.70 msg/sec | Total: 14399 messages
2026-05-05 16:13:44,494 - __main__ - INFO - Rate: 1.68 msg/sec | Total: 2047 messages
2026-05-05 16:13:50,103 - __main__ - INFO - Rate: 5.60 msg/sec | Total: 14456 messages
2026-05-05 16:13:54,594 - __main__ - INFO - Rate: 1.09 msg/sec | Total: 2058 messages
2026-05-05 16:14:00,124 - __main__ - INFO - Rate: 5.89 msg/sec | Total: 14515 messages
2026-05-05 16:14:04,633 - __main__ - INFO - Rate: 1.00 msg/sec | Total: 2068 messages
2026-05-05 16:14:10,159 - __main__ - INFO - Rate: 5.38 msg/sec | Total: 14569 messages
2026-05-05 16:14:14,723 - __main__ - INFO - Rate: 1.09 msg/sec | Total: 2079 messages
2026-05-05 16:14:20,268 - __main__ - INFO - Rate: 4.85 msg/sec | Total: 14618 messages
2026-05-05 16:14:24,918 - __main__ - INFO - Rate: 0.88 msg/sec | Total: 2088 messages
2026-05-05 16:14:30,288 - __main__ - INFO - Rate: 6.19 msg/sec | Total: 14680 messages
2026-05-05 16:14:35,012 - __main__ - INFO - Rate: 1.68 msg/sec | Total: 2105 messages
2026-05-05 16:14:40,307 - __main__ - INFO - Rate: 5.99 msg/sec | Total: 14740 messages
2026-05-05 16:14:45,188 - __main__ - INFO - Rate: 1.18 msg/sec | Total: 2117 messages
2026-05-05 16:14:50,469 - __main__ - INFO - Rate: 6.89 msg/sec | Total: 14810 messages
2026-05-05 16:14:55,238 - __main__ - INFO - Rate: 1.09 msg/sec | Total: 2128 messages
2026-05-05 16:15:00,524 - __main__ - INFO - Rate: 6.27 msg/sec | Total: 14873 messages
2026-05-05 16:15:05,362 - __main__ - INFO - Rate: 1.48 msg/sec | Total: 2143 messages
2026-05-05 16:15:10,681 - __main__ - INFO - Rate: 5.81 msg/sec | Total: 14932 messages
2026-05-05 16:15:15,386 - __main__ - INFO - Rate: 0.70 msg/sec | Total: 2150 messages
2026-05-05 16:15:20,802 - __main__ - INFO - Rate: 5.34 msg/sec | Total: 14986 messages
2026-05-05 16:15:25,534 - __main__ - INFO - Rate: 0.89 msg/sec | Total: 2159 messages
2026-05-05 16:15:30,999 - __main__ - INFO - Rate: 6.77 msg/sec | Total: 15055 messages
2026-05-05 16:15:35,619 - __main__ - INFO - Rate: 1.19 msg/sec | Total: 2171 messages
2026-05-05 16:15:41,187 - __main__ - INFO - Rate: 5.50 msg/sec | Total: 15111 messages
2026-05-05 16:15:45,778 - __main__ - INFO - Rate: 1.28 msg/sec | Total: 2184 messages
2026-05-05 16:15:51,205 - __main__ - INFO - Rate: 5.79 msg/sec | Total: 15169 messages
2026-05-05 16:15:55,899 - __main__ - INFO - Rate: 0.69 msg/sec | Total: 2191 messages
2026-05-05 16:16:01,227 - __main__ - INFO - Rate: 6.29 msg/sec | Total: 15232 messages
2026-05-05 16:16:05,900 - __main__ - INFO - Rate: 0.60 msg/sec | Total: 2197 messages
2026-05-05 16:16:11,250 - __main__ - INFO - Rate: 6.68 msg/sec | Total: 15299 messages
2026-05-05 16:16:16,009 - __main__ - INFO - Rate: 1.19 msg/sec | Total: 2209 messages
2026-05-05 16:16:21,350 - __main__ - INFO - Rate: 5.54 msg/sec | Total: 15355 messages
2026-05-05 16:16:26,053 - __main__ - INFO - Rate: 0.70 msg/sec | Total: 2216 messages
2026-05-05 16:16:31,484 - __main__ - INFO - Rate: 5.03 msg/sec | Total: 15406 messages
2026-05-05 16:16:36,258 - __main__ - INFO - Rate: 1.47 msg/sec | Total: 2231 messages
2026-05-05 16:16:41,525 - __main__ - INFO - Rate: 6.07 msg/sec | Total: 15467 messages
2026-05-05 16:16:46,336 - __main__ - INFO - Rate: 0.89 msg/sec | Total: 2240 messages
2026-05-05 16:16:51,723 - __main__ - INFO - Rate: 6.08 msg/sec | Total: 15529 messages
2026-05-05 16:16:56,363 - __main__ - INFO - Rate: 1.10 msg/sec | Total: 2251 messages
2026-05-05 16:17:01,781 - __main__ - INFO - Rate: 6.06 msg/sec | Total: 15590 messages
2026-05-05 16:17:06,524 - __main__ - INFO - Rate: 0.89 msg/sec | Total: 2260 messages
2026-05-05 16:17:11,809 - __main__ - INFO - Rate: 6.58 msg/sec | Total: 15656 messages
2026-05-05 16:17:16,638 - __main__ - INFO - Rate: 1.09 msg/sec | Total: 2271 messages
2026-05-05 16:17:21,946 - __main__ - INFO - Rate: 6.61 msg/sec | Total: 15723 messages
2026-05-05 16:17:26,838 - __main__ - INFO - Rate: 0.69 msg/sec | Total: 2278 messages
2026-05-05 16:17:32,054 - __main__ - INFO - Rate: 4.95 msg/sec | Total: 15773 messages
2026-05-05 16:17:37,002 - __main__ - INFO - Rate: 0.79 msg/sec | Total: 2286 messages
2026-05-05 16:17:42,191 - __main__ - INFO - Rate: 5.82 msg/sec | Total: 15832 messages
2026-05-05 16:17:47,064 - __main__ - INFO - Rate: 1.19 msg/sec | Total: 2298 messages
2026-05-05 16:17:52,228 - __main__ - INFO - Rate: 6.68 msg/sec | Total: 15899 messages
2026-05-05 16:17:57,163 - __main__ - INFO - Rate: 1.09 msg/sec | Total: 2309 messages
2026-05-05 16:18:02,274 - __main__ - INFO - Rate: 7.17 msg/sec | Total: 15971 messages
2026-05-05 16:18:07,363 - __main__ - INFO - Rate: 1.08 msg/sec | Total: 2320 messages
2026-05-05 16:18:12,414 - __main__ - INFO - Rate: 6.11 msg/sec | Total: 16033 messages
2026-05-05 16:18:17,417 - __main__ - INFO - Rate: 0.60 msg/sec | Total: 2326 messages
2026-05-05 16:18:22,598 - __main__ - INFO - Rate: 5.60 msg/sec | Total: 16090 messages
2026-05-05 16:18:27,498 - __main__ - INFO - Rate: 1.79 msg/sec | Total: 2344 messages
2026-05-05 16:18:32,612 - __main__ - INFO - Rate: 5.29 msg/sec | Total: 16143 messages
2026-05-05 16:18:37,609 - __main__ - INFO - Rate: 1.78 msg/sec | Total: 2362 messages
2026-05-05 16:18:42,661 - __main__ - INFO - Rate: 6.77 msg/sec | Total: 16211 messages
2026-05-05 16:18:47,673 - __main__ - INFO - Rate: 0.99 msg/sec | Total: 2372 messages
2026-05-05 16:18:52,723 - __main__ - INFO - Rate: 5.37 msg/sec | Total: 16265 messages
2026-05-05 16:18:57,675 - __main__ - INFO - Rate: 0.70 msg/sec | Total: 2379 messages
2026-05-05 16:19:02,731 - __main__ - INFO - Rate: 6.30 msg/sec | Total: 16328 messages
2026-05-05 16:19:07,749 - __main__ - INFO - Rate: 1.39 msg/sec | Total: 2393 messages
2026-05-05 16:19:12,756 - __main__ - INFO - Rate: 7.98 msg/sec | Total: 16408 messages
2026-05-05 16:19:17,906 - __main__ - INFO - Rate: 1.38 msg/sec | Total: 2407 messages
2026-05-05 16:19:22,781 - __main__ - INFO - Rate: 5.39 msg/sec | Total: 16462 messages
2026-05-05 16:19:27,981 - __main__ - INFO - Rate: 0.79 msg/sec | Total: 2415 messages
2026-05-05 16:19:32,853 - __main__ - INFO - Rate: 7.35 msg/sec | Total: 16536 messages
2026-05-05 16:19:38,133 - __main__ - INFO - Rate: 0.99 msg/sec | Total: 2425 messages
2026-05-05 16:19:42,992 - __main__ - INFO - Rate: 5.33 msg/sec | Total: 16590 messages
2026-05-05 16:19:48,318 - __main__ - INFO - Rate: 0.88 msg/sec | Total: 2434 messages
2026-05-05 16:19:53,123 - __main__ - INFO - Rate: 5.03 msg/sec | Total: 16641 messages
2026-05-05 16:19:58,423 - __main__ - INFO - Rate: 0.59 msg/sec | Total: 2440 messages
2026-05-05 16:20:03,258 - __main__ - INFO - Rate: 6.02 msg/sec | Total: 16702 messages
2026-05-05 16:20:08,518 - __main__ - INFO - Rate: 1.68 msg/sec | Total: 2457 messages
2026-05-05 16:20:13,260 - __main__ - INFO - Rate: 4.90 msg/sec | Total: 16751 messages
2026-05-05 16:20:18,558 - __main__ - INFO - Rate: 0.70 msg/sec | Total: 2464 messages
2026-05-05 16:20:23,286 - __main__ - INFO - Rate: 4.89 msg/sec | Total: 16800 messages
2026-05-05 16:20:28,625 - __main__ - INFO - Rate: 1.39 msg/sec | Total: 2478 messages
2026-05-05 16:20:33,440 - __main__ - INFO - Rate: 5.81 msg/sec | Total: 16859 messages
2026-05-05 16:20:38,718 - __main__ - INFO - Rate: 1.29 msg/sec | Total: 2491 messages
2026-05-05 16:20:43,456 - __main__ - INFO - Rate: 6.39 msg/sec | Total: 16923 messages
2026-05-05 16:20:48,769 - __main__ - INFO - Rate: 0.90 msg/sec | Total: 2500 messages
2026-05-05 16:20:53,500 - __main__ - INFO - Rate: 5.48 msg/sec | Total: 16978 messages
2026-05-05 16:20:58,901 - __main__ - INFO - Rate: 1.18 msg/sec | Total: 2512 messages
2026-05-05 16:21:03,550 - __main__ - INFO - Rate: 5.17 msg/sec | Total: 17030 messages
2026-05-05 16:21:09,038 - __main__ - INFO - Rate: 1.18 msg/sec | Total: 2524 messages
2026-05-05 16:21:13,557 - __main__ - INFO - Rate: 6.10 msg/sec | Total: 17091 messages
2026-05-05 16:21:19,078 - __main__ - INFO - Rate: 1.10 msg/sec | Total: 2535 messages
2026-05-05 16:21:23,597 - __main__ - INFO - Rate: 4.98 msg/sec | Total: 17141 messages
2026-05-05 16:21:29,235 - __main__ - INFO - Rate: 0.98 msg/sec | Total: 2545 messages
2026-05-05 16:21:33,728 - __main__ - INFO - Rate: 5.53 msg/sec | Total: 17197 messages
2026-05-05 16:21:39,316 - __main__ - INFO - Rate: 1.59 msg/sec | Total: 2561 messages
2026-05-05 16:21:43,754 - __main__ - INFO - Rate: 5.19 msg/sec | Total: 17249 messages
2026-05-05 16:21:49,516 - __main__ - INFO - Rate: 1.18 msg/sec | Total: 2573 messages
2026-05-05 16:21:53,766 - __main__ - INFO - Rate: 4.79 msg/sec | Total: 17297 messages
2026-05-05 16:21:59,550 - __main__ - INFO - Rate: 0.90 msg/sec | Total: 2582 messages
2026-05-05 16:22:03,767 - __main__ - INFO - Rate: 6.70 msg/sec | Total: 17364 messages
2026-05-05 16:22:09,762 - __main__ - INFO - Rate: 0.59 msg/sec | Total: 2588 messages
2026-05-05 16:22:13,847 - __main__ - INFO - Rate: 6.25 msg/sec | Total: 17427 messages
2026-05-05 16:22:19,779 - __main__ - INFO - Rate: 0.80 msg/sec | Total: 2596 messages
2026-05-05 16:22:23,971 - __main__ - INFO - Rate: 5.83 msg/sec | Total: 17486 messages
2026-05-05 16:22:29,892 - __main__ - INFO - Rate: 0.69 msg/sec | Total: 2603 messages
2026-05-05 16:22:34,057 - __main__ - INFO - Rate: 5.85 msg/sec | Total: 17545 messages
2026-05-05 16:22:39,989 - __main__ - INFO - Rate: 1.19 msg/sec | Total: 2615 messages
2026-05-05 16:22:44,076 - __main__ - INFO - Rate: 5.19 msg/sec | Total: 17597 messages
2026-05-05 16:22:50,131 - __main__ - INFO - Rate: 1.08 msg/sec | Total: 2626 messages
2026-05-05 16:22:54,206 - __main__ - INFO - Rate: 6.61 msg/sec | Total: 17664 messages
2026-05-05 16:23:00,185 - __main__ - INFO - Rate: 0.20 msg/sec | Total: 2628 messages
2026-05-05 16:23:04,383 - __main__ - INFO - Rate: 5.80 msg/sec | Total: 17723 messages
2026-05-05 16:23:10,366 - __main__ - INFO - Rate: 0.79 msg/sec | Total: 2636 messages
2026-05-05 16:23:14,545 - __main__ - INFO - Rate: 6.69 msg/sec | Total: 17791 messages
2026-05-05 16:23:20,472 - __main__ - INFO - Rate: 1.09 msg/sec | Total: 2647 messages
2026-05-05 16:23:24,563 - __main__ - INFO - Rate: 4.79 msg/sec | Total: 17839 messages
2026-05-05 16:23:30,618 - __main__ - INFO - Rate: 0.30 msg/sec | Total: 2650 messages
2026-05-05 16:23:34,641 - __main__ - INFO - Rate: 6.35 msg/sec | Total: 17903 messages
2026-05-05 16:23:40,685 - __main__ - INFO - Rate: 1.19 msg/sec | Total: 2662 messages
2026-05-05 16:23:44,701 - __main__ - INFO - Rate: 6.56 msg/sec | Total: 17969 messages
2026-05-05 16:23:50,861 - __main__ - INFO - Rate: 0.98 msg/sec | Total: 2672 messages
2026-05-05 16:23:54,718 - __main__ - INFO - Rate: 6.19 msg/sec | Total: 18031 messages
2026-05-05 16:24:00,995 - __main__ - INFO - Rate: 0.49 msg/sec | Total: 2677 messages
2026-05-05 16:24:04,803 - __main__ - INFO - Rate: 6.25 msg/sec | Total: 18094 messages
2026-05-05 16:24:11,178 - __main__ - INFO - Rate: 0.59 msg/sec | Total: 2683 messages
2026-05-05 16:24:14,988 - __main__ - INFO - Rate: 6.48 msg/sec | Total: 18160 messages
2026-05-05 16:24:21,323 - __main__ - INFO - Rate: 0.59 msg/sec | Total: 2689 messages
2026-05-05 16:24:24,998 - __main__ - INFO - Rate: 5.39 msg/sec | Total: 18214 messages
2026-05-05 16:24:31,472 - __main__ - INFO - Rate: 0.89 msg/sec | Total: 2698 messages
2026-05-05 16:24:35,045 - __main__ - INFO - Rate: 5.38 msg/sec | Total: 18268 messages
2026-05-05 16:24:41,572 - __main__ - INFO - Rate: 1.29 msg/sec | Total: 2711 messages
2026-05-05 16:24:45,083 - __main__ - INFO - Rate: 6.38 msg/sec | Total: 18332 messages
2026-05-05 16:24:51,694 - __main__ - INFO - Rate: 1.48 msg/sec | Total: 2726 messages
2026-05-05 16:24:55,244 - __main__ - INFO - Rate: 6.00 msg/sec | Total: 18393 messages
2026-05-05 16:25:01,838 - __main__ - INFO - Rate: 1.58 msg/sec | Total: 2742 messages
2026-05-05 16:25:05,418 - __main__ - INFO - Rate: 5.80 msg/sec | Total: 18452 messages
2026-05-05 16:25:11,902 - __main__ - INFO - Rate: 1.09 msg/sec | Total: 2753 messages
2026-05-05 16:25:15,443 - __main__ - INFO - Rate: 5.89 msg/sec | Total: 18511 messages
2026-05-05 16:25:22,049 - __main__ - INFO - Rate: 1.08 msg/sec | Total: 2764 messages
2026-05-05 16:25:25,517 - __main__ - INFO - Rate: 6.45 msg/sec | Total: 18576 messages
2026-05-05 16:25:32,061 - __main__ - INFO - Rate: 1.80 msg/sec | Total: 2782 messages
2026-05-05 16:25:35,565 - __main__ - INFO - Rate: 6.27 msg/sec | Total: 18639 messages
2026-05-05 16:25:42,200 - __main__ - INFO - Rate: 1.48 msg/sec | Total: 2797 messages
2026-05-05 16:25:45,687 - __main__ - INFO - Rate: 6.72 msg/sec | Total: 18707 messages
2026-05-05 16:25:52,243 - __main__ - INFO - Rate: 1.69 msg/sec | Total: 2814 messages
2026-05-05 16:25:55,719 - __main__ - INFO - Rate: 4.98 msg/sec | Total: 18757 messages
2026-05-05 16:26:02,330 - __main__ - INFO - Rate: 1.49 msg/sec | Total: 2829 messages
2026-05-05 16:26:05,772 - __main__ - INFO - Rate: 5.67 msg/sec | Total: 18814 messages
2026-05-05 16:26:12,491 - __main__ - INFO - Rate: 1.18 msg/sec | Total: 2841 messages
2026-05-05 16:26:15,975 - __main__ - INFO - Rate: 6.57 msg/sec | Total: 18881 messages
2026-05-05 16:26:22,608 - __main__ - INFO - Rate: 1.28 msg/sec | Total: 2854 messages
2026-05-05 16:26:25,983 - __main__ - INFO - Rate: 6.29 msg/sec | Total: 18944 messages
2026-05-05 16:26:32,622 - __main__ - INFO - Rate: 1.10 msg/sec | Total: 2865 messages
2026-05-05 16:26:36,063 - __main__ - INFO - Rate: 6.35 msg/sec | Total: 19008 messages
2026-05-05 16:26:42,746 - __main__ - INFO - Rate: 0.99 msg/sec | Total: 2875 messages
2026-05-05 16:26:46,190 - __main__ - INFO - Rate: 6.71 msg/sec | Total: 19076 messages
2026-05-05 16:26:52,847 - __main__ - INFO - Rate: 1.09 msg/sec | Total: 2886 messages
2026-05-05 16:26:56,224 - __main__ - INFO - Rate: 5.18 msg/sec | Total: 19128 messages
2026-05-05 16:27:02,972 - __main__ - INFO - Rate: 0.89 msg/sec | Total: 2895 messages
2026-05-05 16:27:06,384 - __main__ - INFO - Rate: 6.00 msg/sec | Total: 19189 messages
2026-05-05 16:27:13,030 - __main__ - INFO - Rate: 1.49 msg/sec | Total: 2910 messages
2026-05-05 16:27:16,392 - __main__ - INFO - Rate: 5.10 msg/sec | Total: 19240 messages
2026-05-05 16:27:23,039 - __main__ - INFO - Rate: 1.00 msg/sec | Total: 2920 messages
2026-05-05 16:27:26,518 - __main__ - INFO - Rate: 7.01 msg/sec | Total: 19311 messages
2026-05-05 16:27:33,077 - __main__ - INFO - Rate: 1.10 msg/sec | Total: 2931 messages
2026-05-05 16:27:36,591 - __main__ - INFO - Rate: 5.66 msg/sec | Total: 19368 messages
2026-05-05 16:27:43,201 - __main__ - INFO - Rate: 1.48 msg/sec | Total: 2946 messages
2026-05-05 16:27:46,744 - __main__ - INFO - Rate: 4.83 msg/sec | Total: 19417 messages
2026-05-05 16:27:53,361 - __main__ - INFO - Rate: 0.79 msg/sec | Total: 2954 messages
2026-05-05 16:27:56,873 - __main__ - INFO - Rate: 6.12 msg/sec | Total: 19479 messages
2026-05-05 16:28:03,386 - __main__ - INFO - Rate: 1.20 msg/sec | Total: 2966 messages
2026-05-05 16:28:06,901 - __main__ - INFO - Rate: 6.48 msg/sec | Total: 19544 messages
2026-05-05 16:28:13,439 - __main__ - INFO - Rate: 0.99 msg/sec | Total: 2976 messages
2026-05-05 16:28:16,978 - __main__ - INFO - Rate: 4.66 msg/sec | Total: 19591 messages
2026-05-05 16:28:23,552 - __main__ - INFO - Rate: 0.89 msg/sec | Total: 2985 messages
2026-05-05 16:28:27,088 - __main__ - INFO - Rate: 6.43 msg/sec | Total: 19656 messages
2026-05-05 16:28:33,752 - __main__ - INFO - Rate: 0.59 msg/sec | Total: 2991 messages
2026-05-05 16:28:37,095 - __main__ - INFO - Rate: 5.70 msg/sec | Total: 19713 messages
2026-05-05 16:28:43,821 - __main__ - INFO - Rate: 0.70 msg/sec | Total: 2998 messages
2026-05-05 16:28:47,106 - __main__ - INFO - Rate: 6.19 msg/sec | Total: 19775 messages
2026-05-05 16:28:53,913 - __main__ - INFO - Rate: 0.69 msg/sec | Total: 3005 messages
2026-05-05 16:28:57,162 - __main__ - INFO - Rate: 5.87 msg/sec | Total: 19834 messages
2026-05-05 16:29:04,030 - __main__ - INFO - Rate: 0.89 msg/sec | Total: 3014 messages
2026-05-05 16:29:07,195 - __main__ - INFO - Rate: 5.78 msg/sec | Total: 19892 messages
2026-05-05 16:29:14,190 - __main__ - INFO - Rate: 1.38 msg/sec | Total: 3028 messages
2026-05-05 16:29:17,282 - __main__ - INFO - Rate: 7.24 msg/sec | Total: 19965 messages
2026-05-05 16:29:24,331 - __main__ - INFO - Rate: 0.99 msg/sec | Total: 3038 messages
2026-05-05 16:29:27,282 - __main__ - INFO - Rate: 7.10 msg/sec | Total: 20036 messages
2026-05-05 16:29:34,444 - __main__ - INFO - Rate: 1.68 msg/sec | Total: 3055 messages
2026-05-05 16:29:37,390 - __main__ - INFO - Rate: 5.94 msg/sec | Total: 20096 messages
2026-05-05 16:29:44,557 - __main__ - INFO - Rate: 1.09 msg/sec | Total: 3066 messages
2026-05-05 16:29:47,503 - __main__ - INFO - Rate: 5.54 msg/sec | Total: 20152 messages
2026-05-05 16:29:54,740 - __main__ - INFO - Rate: 1.08 msg/sec | Total: 3077 messages
2026-05-05 16:29:57,524 - __main__ - INFO - Rate: 6.79 msg/sec | Total: 20220 messages
2026-05-05 16:30:04,741 - __main__ - INFO - Rate: 1.00 msg/sec | Total: 3087 messages
2026-05-05 16:30:07,577 - __main__ - INFO - Rate: 4.97 msg/sec | Total: 20270 messages
2026-05-05 16:30:14,795 - __main__ - INFO - Rate: 0.60 msg/sec | Total: 3093 messages
2026-05-05 16:30:17,625 - __main__ - INFO - Rate: 6.27 msg/sec | Total: 20333 messages
2026-05-05 16:30:24,911 - __main__ - INFO - Rate: 1.28 msg/sec | Total: 3106 messages
2026-05-05 16:30:27,632 - __main__ - INFO - Rate: 7.69 msg/sec | Total: 20410 messages
2026-05-05 16:30:35,086 - __main__ - INFO - Rate: 1.67 msg/sec | Total: 3123 messages
2026-05-05 16:30:37,646 - __main__ - INFO - Rate: 5.99 msg/sec | Total: 20470 messages
2026-05-05 16:30:45,284 - __main__ - INFO - Rate: 0.88 msg/sec | Total: 3132 messages
2026-05-05 16:30:47,718 - __main__ - INFO - Rate: 4.96 msg/sec | Total: 20520 messages
2026-05-05 16:30:55,451 - __main__ - INFO - Rate: 1.48 msg/sec | Total: 3147 messages
2026-05-05 16:30:57,874 - __main__ - INFO - Rate: 5.61 msg/sec | Total: 20577 messages
2026-05-05 16:31:05,618 - __main__ - INFO - Rate: 1.48 msg/sec | Total: 3162 messages
2026-05-05 16:31:08,072 - __main__ - INFO - Rate: 6.37 msg/sec | Total: 20642 messages
2026-05-05 16:31:15,635 - __main__ - INFO - Rate: 0.90 msg/sec | Total: 3171 messages
2026-05-05 16:31:18,076 - __main__ - INFO - Rate: 6.50 msg/sec | Total: 20707 messages
2026-05-05 16:31:25,774 - __main__ - INFO - Rate: 1.18 msg/sec | Total: 3183 messages
2026-05-05 16:31:28,175 - __main__ - INFO - Rate: 5.94 msg/sec | Total: 20767 messages
2026-05-05 16:31:35,830 - __main__ - INFO - Rate: 1.09 msg/sec | Total: 3194 messages
2026-05-05 16:31:38,218 - __main__ - INFO - Rate: 6.67 msg/sec | Total: 20834 messages
2026-05-05 16:31:46,030 - __main__ - INFO - Rate: 2.06 msg/sec | Total: 3215 messages
2026-05-05 16:31:48,266 - __main__ - INFO - Rate: 8.56 msg/sec | Total: 20920 messages
2026-05-05 16:31:56,031 - __main__ - INFO - Rate: 1.20 msg/sec | Total: 3227 messages
2026-05-05 16:31:58,314 - __main__ - INFO - Rate: 6.37 msg/sec | Total: 20984 messages
2026-05-05 16:32:06,052 - __main__ - INFO - Rate: 1.20 msg/sec | Total: 3239 messages
2026-05-05 16:32:08,369 - __main__ - INFO - Rate: 5.37 msg/sec | Total: 21038 messages
2026-05-05 16:32:16,215 - __main__ - INFO - Rate: 0.69 msg/sec | Total: 3246 messages
2026-05-05 16:32:18,435 - __main__ - INFO - Rate: 6.76 msg/sec | Total: 21106 messages
2026-05-05 16:32:26,364 - __main__ - INFO - Rate: 1.18 msg/sec | Total: 3258 messages
2026-05-05 16:32:28,472 - __main__ - INFO - Rate: 6.48 msg/sec | Total: 21171 messages
2026-05-05 16:32:36,399 - __main__ - INFO - Rate: 1.49 msg/sec | Total: 3273 messages
2026-05-05 16:32:38,507 - __main__ - INFO - Rate: 5.88 msg/sec | Total: 21230 messages
2026-05-05 16:32:46,555 - __main__ - INFO - Rate: 0.89 msg/sec | Total: 3282 messages
2026-05-05 16:32:48,525 - __main__ - INFO - Rate: 6.79 msg/sec | Total: 21298 messages
2026-05-05 16:32:56,695 - __main__ - INFO - Rate: 0.69 msg/sec | Total: 3289 messages
2026-05-05 16:32:58,711 - __main__ - INFO - Rate: 5.60 msg/sec | Total: 21355 messages
2026-05-05 16:33:06,848 - __main__ - INFO - Rate: 0.59 msg/sec | Total: 3295 messages
2026-05-05 16:33:08,812 - __main__ - INFO - Rate: 5.74 msg/sec | Total: 21413 messages
2026-05-05 16:33:16,930 - __main__ - INFO - Rate: 0.79 msg/sec | Total: 3303 messages
2026-05-05 16:33:18,854 - __main__ - INFO - Rate: 6.57 msg/sec | Total: 21479 messages
2026-05-05 16:33:26,958 - __main__ - INFO - Rate: 0.90 msg/sec | Total: 3312 messages
2026-05-05 16:33:28,875 - __main__ - INFO - Rate: 5.99 msg/sec | Total: 21539 messages
2026-05-05 16:33:37,055 - __main__ - INFO - Rate: 0.69 msg/sec | Total: 3319 messages
2026-05-05 16:33:38,971 - __main__ - INFO - Rate: 5.15 msg/sec | Total: 21591 messages
2026-05-05 16:33:47,070 - __main__ - INFO - Rate: 1.10 msg/sec | Total: 3330 messages
2026-05-05 16:33:49,147 - __main__ - INFO - Rate: 6.68 msg/sec | Total: 21659 messages
2026-05-05 16:33:57,093 - __main__ - INFO - Rate: 1.10 msg/sec | Total: 3341 messages
2026-05-05 16:33:59,241 - __main__ - INFO - Rate: 7.13 msg/sec | Total: 21731 messages
2026-05-05 16:34:07,143 - __main__ - INFO - Rate: 1.19 msg/sec | Total: 3353 messages
2026-05-05 16:34:09,318 - __main__ - INFO - Rate: 7.05 msg/sec | Total: 21802 messages
2026-05-05 16:34:17,219 - __main__ - INFO - Rate: 1.19 msg/sec | Total: 3365 messages
2026-05-05 16:34:19,406 - __main__ - INFO - Rate: 6.24 msg/sec | Total: 21865 messages
2026-05-05 16:34:27,255 - __main__ - INFO - Rate: 1.10 msg/sec | Total: 3376 messages
2026-05-05 16:34:29,584 - __main__ - INFO - Rate: 4.42 msg/sec | Total: 21910 messages
2026-05-05 16:34:37,311 - __main__ - INFO - Rate: 1.09 msg/sec | Total: 3387 messages
2026-05-05 16:34:39,597 - __main__ - INFO - Rate: 6.29 msg/sec | Total: 21973 messages
2026-05-05 16:34:47,520 - __main__ - INFO - Rate: 1.08 msg/sec | Total: 3398 messages
2026-05-05 16:34:49,787 - __main__ - INFO - Rate: 5.00 msg/sec | Total: 22024 messages
2026-05-05 16:34:57,717 - __main__ - INFO - Rate: 1.57 msg/sec | Total: 3414 messages
2026-05-05 16:34:59,812 - __main__ - INFO - Rate: 6.08 msg/sec | Total: 22085 messages
2026-05-05 16:35:07,807 - __main__ - INFO - Rate: 0.50 msg/sec | Total: 3419 messages
2026-05-05 16:35:09,856 - __main__ - INFO - Rate: 6.07 msg/sec | Total: 22146 messages
2026-05-05 16:35:17,885 - __main__ - INFO - Rate: 0.89 msg/sec | Total: 3428 messages
2026-05-05 16:35:19,919 - __main__ - INFO - Rate: 5.96 msg/sec | Total: 22206 messages
2026-05-05 16:35:28,062 - __main__ - INFO - Rate: 0.79 msg/sec | Total: 3436 messages
2026-05-05 16:35:30,039 - __main__ - INFO - Rate: 5.83 msg/sec | Total: 22265 messages
2026-05-05 16:35:38,115 - __main__ - INFO - Rate: 0.99 msg/sec | Total: 3446 messages
2026-05-05 16:35:40,058 - __main__ - INFO - Rate: 7.69 msg/sec | Total: 22342 messages
2026-05-05 16:35:48,200 - __main__ - INFO - Rate: 1.19 msg/sec | Total: 3458 messages
2026-05-05 16:35:50,120 - __main__ - INFO - Rate: 6.86 msg/sec | Total: 22411 messages
2026-05-05 16:35:58,352 - __main__ - INFO - Rate: 0.99 msg/sec | Total: 3468 messages
2026-05-05 16:36:00,153 - __main__ - INFO - Rate: 6.78 msg/sec | Total: 22479 messages
2026-05-05 16:36:08,456 - __main__ - INFO - Rate: 1.09 msg/sec | Total: 3479 messages
2026-05-05 16:36:10,166 - __main__ - INFO - Rate: 5.49 msg/sec | Total: 22534 messages
2026-05-05 16:36:18,472 - __main__ - INFO - Rate: 1.30 msg/sec | Total: 3492 messages
2026-05-05 16:36:20,352 - __main__ - INFO - Rate: 4.42 msg/sec | Total: 22579 messages
2026-05-05 16:36:28,528 - __main__ - INFO - Rate: 0.60 msg/sec | Total: 3498 messages
2026-05-05 16:36:30,378 - __main__ - INFO - Rate: 6.68 msg/sec | Total: 22646 messages
2026-05-05 16:36:38,542 - __main__ - INFO - Rate: 1.10 msg/sec | Total: 3509 messages
2026-05-05 16:36:40,493 - __main__ - INFO - Rate: 4.84 msg/sec | Total: 22695 messages
2026-05-05 16:36:48,630 - __main__ - INFO - Rate: 1.19 msg/sec | Total: 3521 messages
2026-05-05 16:36:50,563 - __main__ - INFO - Rate: 6.26 msg/sec | Total: 22758 messages
2026-05-05 16:36:58,682 - __main__ - INFO - Rate: 1.39 msg/sec | Total: 3535 messages
2026-05-05 16:37:00,609 - __main__ - INFO - Rate: 5.57 msg/sec | Total: 22814 messages
2026-05-05 16:37:08,712 - __main__ - INFO - Rate: 1.00 msg/sec | Total: 3545 messages
2026-05-05 16:37:10,614 - __main__ - INFO - Rate: 6.30 msg/sec | Total: 22877 messages
2026-05-05 16:37:18,767 - __main__ - INFO - Rate: 1.49 msg/sec | Total: 3560 messages
2026-05-05 16:37:20,664 - __main__ - INFO - Rate: 5.17 msg/sec | Total: 22929 messages
2026-05-05 16:37:28,878 - __main__ - INFO - Rate: 1.48 msg/sec | Total: 3575 messages
2026-05-05 16:37:30,790 - __main__ - INFO - Rate: 5.53 msg/sec | Total: 22985 messages
2026-05-05 16:37:39,005 - __main__ - INFO - Rate: 0.59 msg/sec | Total: 3581 messages
2026-05-05 16:37:40,939 - __main__ - INFO - Rate: 5.32 msg/sec | Total: 23039 messages
2026-05-05 16:37:49,105 - __main__ - INFO - Rate: 1.19 msg/sec | Total: 3593 messages
2026-05-05 16:37:50,950 - __main__ - INFO - Rate: 5.79 msg/sec | Total: 23097 messages
2026-05-05 16:37:59,304 - __main__ - INFO - Rate: 0.98 msg/sec | Total: 3603 messages
2026-05-05 16:38:00,987 - __main__ - INFO - Rate: 7.17 msg/sec | Total: 23169 messages
2026-05-05 16:38:09,465 - __main__ - INFO - Rate: 0.59 msg/sec | Total: 3609 messages
2026-05-05 16:38:11,036 - __main__ - INFO - Rate: 4.98 msg/sec | Total: 23219 messages
2026-05-05 16:38:19,660 - __main__ - INFO - Rate: 1.18 msg/sec | Total: 3621 messages
2026-05-05 16:38:21,156 - __main__ - INFO - Rate: 6.52 msg/sec | Total: 23285 messages
2026-05-05 16:38:29,793 - __main__ - INFO - Rate: 1.09 msg/sec | Total: 3632 messages
2026-05-05 16:38:31,198 - __main__ - INFO - Rate: 5.28 msg/sec | Total: 23338 messages
2026-05-05 16:38:39,929 - __main__ - INFO - Rate: 1.28 msg/sec | Total: 3645 messages
2026-05-05 16:38:41,258 - __main__ - INFO - Rate: 5.96 msg/sec | Total: 23398 messages
2026-05-05 16:38:50,109 - __main__ - INFO - Rate: 0.98 msg/sec | Total: 3655 messages
2026-05-05 16:38:51,417 - __main__ - INFO - Rate: 5.12 msg/sec | Total: 23450 messages
2026-05-05 16:39:00,288 - __main__ - INFO - Rate: 0.79 msg/sec | Total: 3663 messages
2026-05-05 16:39:01,547 - __main__ - INFO - Rate: 5.43 msg/sec | Total: 23505 messages
2026-05-05 16:39:10,376 - __main__ - INFO - Rate: 0.79 msg/sec | Total: 3671 messages
2026-05-05 16:39:11,672 - __main__ - INFO - Rate: 6.12 msg/sec | Total: 23567 messages
2026-05-05 16:39:20,528 - __main__ - INFO - Rate: 1.08 msg/sec | Total: 3682 messages
2026-05-05 16:39:21,770 - __main__ - INFO - Rate: 6.34 msg/sec | Total: 23631 messages
2026-05-05 16:39:30,727 - __main__ - INFO - Rate: 1.18 msg/sec | Total: 3694 messages
2026-05-05 16:39:31,785 - __main__ - INFO - Rate: 6.19 msg/sec | Total: 23693 messages
2026-05-05 16:39:40,765 - __main__ - INFO - Rate: 1.10 msg/sec | Total: 3705 messages
2026-05-05 16:39:41,862 - __main__ - INFO - Rate: 5.95 msg/sec | Total: 23753 messages
2026-05-05 16:39:50,935 - __main__ - INFO - Rate: 1.38 msg/sec | Total: 3719 messages
2026-05-05 16:39:51,882 - __main__ - INFO - Rate: 5.39 msg/sec | Total: 23807 messages
2026-05-05 16:40:01,131 - __main__ - INFO - Rate: 1.18 msg/sec | Total: 3731 messages
2026-05-05 16:40:02,070 - __main__ - INFO - Rate: 5.59 msg/sec | Total: 23864 messages
2026-05-05 16:40:11,239 - __main__ - INFO - Rate: 1.19 msg/sec | Total: 3743 messages
2026-05-05 16:40:12,076 - __main__ - INFO - Rate: 5.90 msg/sec | Total: 23923 messages
2026-05-05 16:40:21,422 - __main__ - INFO - Rate: 1.57 msg/sec | Total: 3759 messages
2026-05-05 16:40:22,162 - __main__ - INFO - Rate: 6.15 msg/sec | Total: 23985 messages
2026-05-05 16:40:31,462 - __main__ - INFO - Rate: 1.29 msg/sec | Total: 3772 messages
2026-05-05 16:40:32,194 - __main__ - INFO - Rate: 5.68 msg/sec | Total: 24042 messages
2026-05-05 16:40:41,475 - __main__ - INFO - Rate: 1.50 msg/sec | Total: 3787 messages
2026-05-05 16:40:42,217 - __main__ - INFO - Rate: 7.18 msg/sec | Total: 24114 messages
2026-05-05 16:40:51,496 - __main__ - INFO - Rate: 1.70 msg/sec | Total: 3804 messages
2026-05-05 16:40:52,220 - __main__ - INFO - Rate: 7.40 msg/sec | Total: 24188 messages
2026-05-05 16:41:01,557 - __main__ - INFO - Rate: 0.99 msg/sec | Total: 3814 messages
2026-05-05 16:41:02,273 - __main__ - INFO - Rate: 7.76 msg/sec | Total: 24266 messages
2026-05-05 16:41:11,585 - __main__ - INFO - Rate: 1.30 msg/sec | Total: 3827 messages
2026-05-05 16:41:12,330 - __main__ - INFO - Rate: 6.36 msg/sec | Total: 24330 messages
2026-05-05 16:41:21,660 - __main__ - INFO - Rate: 1.49 msg/sec | Total: 3842 messages
2026-05-05 16:41:22,431 - __main__ - INFO - Rate: 6.14 msg/sec | Total: 24392 messages
2026-05-05 16:41:31,754 - __main__ - INFO - Rate: 1.49 msg/sec | Total: 3857 messages
2026-05-05 16:41:32,451 - __main__ - INFO - Rate: 6.69 msg/sec | Total: 24459 messages
2026-05-05 16:41:41,955 - __main__ - INFO - Rate: 1.47 msg/sec | Total: 3872 messages
2026-05-05 16:41:42,545 - __main__ - INFO - Rate: 6.54 msg/sec | Total: 24525 messages
2026-05-05 16:41:52,103 - __main__ - INFO - Rate: 1.18 msg/sec | Total: 3884 messages
2026-05-05 16:41:52,643 - __main__ - INFO - Rate: 6.04 msg/sec | Total: 24586 messages
2026-05-05 16:42:02,274 - __main__ - INFO - Rate: 1.08 msg/sec | Total: 3895 messages
2026-05-05 16:42:02,693 - __main__ - INFO - Rate: 6.67 msg/sec | Total: 24653 messages
2026-05-05 16:42:12,331 - __main__ - INFO - Rate: 0.60 msg/sec | Total: 3901 messages
2026-05-05 16:42:12,896 - __main__ - INFO - Rate: 6.66 msg/sec | Total: 24721 messages
2026-05-05 16:42:22,433 - __main__ - INFO - Rate: 0.69 msg/sec | Total: 3908 messages
2026-05-05 16:42:22,952 - __main__ - INFO - Rate: 6.07 msg/sec | Total: 24782 messages
2026-05-05 16:42:32,481 - __main__ - INFO - Rate: 1.09 msg/sec | Total: 3919 messages
2026-05-05 16:42:32,965 - __main__ - INFO - Rate: 6.29 msg/sec | Total: 24845 messages
2026-05-05 16:42:42,500 - __main__ - INFO - Rate: 1.60 msg/sec | Total: 3935 messages
2026-05-05 16:42:42,969 - __main__ - INFO - Rate: 6.40 msg/sec | Total: 24909 messages
2026-05-05 16:42:52,597 - __main__ - INFO - Rate: 1.58 msg/sec | Total: 3951 messages
2026-05-05 16:42:52,985 - __main__ - INFO - Rate: 5.09 msg/sec | Total: 24960 messages
2026-05-05 16:43:02,756 - __main__ - INFO - Rate: 1.18 msg/sec | Total: 3963 messages
2026-05-05 16:43:03,074 - __main__ - INFO - Rate: 4.96 msg/sec | Total: 25010 messages
2026-05-05 16:43:12,809 - __main__ - INFO - Rate: 1.99 msg/sec | Total: 3983 messages
2026-05-05 16:43:13,256 - __main__ - INFO - Rate: 5.70 msg/sec | Total: 25068 messages
2026-05-05 16:43:22,926 - __main__ - INFO - Rate: 0.99 msg/sec | Total: 3993 messages
2026-05-05 16:43:23,264 - __main__ - INFO - Rate: 4.60 msg/sec | Total: 25114 messages
2026-05-05 16:43:33,096 - __main__ - INFO - Rate: 1.67 msg/sec | Total: 4010 messages
2026-05-05 16:43:33,300 - __main__ - INFO - Rate: 5.78 msg/sec | Total: 25172 messages
2026-05-05 16:43:43,241 - __main__ - INFO - Rate: 1.48 msg/sec | Total: 4025 messages
2026-05-05 16:43:43,430 - __main__ - INFO - Rate: 5.53 msg/sec | Total: 25228 messages
2026-05-05 16:43:53,360 - __main__ - INFO - Rate: 1.19 msg/sec | Total: 4037 messages
2026-05-05 16:43:53,489 - __main__ - INFO - Rate: 7.26 msg/sec | Total: 25301 messages
2026-05-05 16:44:03,486 - __main__ - INFO - Rate: 0.69 msg/sec | Total: 4044 messages
2026-05-05 16:44:03,579 - __main__ - INFO - Rate: 7.14 msg/sec | Total: 25373 messages
2026-05-05 16:44:13,514 - __main__ - INFO - Rate: 1.00 msg/sec | Total: 4054 messages
2026-05-05 16:44:13,638 - __main__ - INFO - Rate: 5.77 msg/sec | Total: 25431 messages
2026-05-05 16:44:23,659 - __main__ - INFO - Rate: 4.89 msg/sec | Total: 25480 messages
2026-05-05 16:44:23,693 - __main__ - INFO - Rate: 1.67 msg/sec | Total: 4071 messages
2026-05-05 16:44:33,773 - __main__ - INFO - Rate: 6.13 msg/sec | Total: 25542 messages
2026-05-05 16:44:33,874 - __main__ - INFO - Rate: 1.08 msg/sec | Total: 4082 messages
2026-05-05 16:44:43,877 - __main__ - INFO - Rate: 6.14 msg/sec | Total: 25604 messages
2026-05-05 16:44:43,930 - __main__ - INFO - Rate: 0.80 msg/sec | Total: 4090 messages
2026-05-05 16:44:54,027 - __main__ - INFO - Rate: 6.21 msg/sec | Total: 25667 messages
2026-05-05 16:44:54,113 - __main__ - INFO - Rate: 0.88 msg/sec | Total: 4099 messages
2026-05-05 16:45:04,034 - __main__ - INFO - Rate: 5.60 msg/sec | Total: 25723 messages
2026-05-05 16:45:04,231 - __main__ - INFO - Rate: 1.68 msg/sec | Total: 4116 messages
2026-05-05 16:45:14,052 - __main__ - INFO - Rate: 4.39 msg/sec | Total: 25767 messages
2026-05-05 16:45:14,413 - __main__ - INFO - Rate: 0.98 msg/sec | Total: 4126 messages
2026-05-05 16:45:24,054 - __main__ - INFO - Rate: 5.80 msg/sec | Total: 25825 messages
2026-05-05 16:45:24,567 - __main__ - INFO - Rate: 0.49 msg/sec | Total: 4131 messages
2026-05-05 16:45:34,103 - __main__ - INFO - Rate: 5.27 msg/sec | Total: 25878 messages
2026-05-05 16:45:34,650 - __main__ - INFO - Rate: 0.99 msg/sec | Total: 4141 messages
2026-05-05 16:45:44,109 - __main__ - INFO - Rate: 5.10 msg/sec | Total: 25929 messages
2026-05-05 16:45:44,856 - __main__ - INFO - Rate: 1.18 msg/sec | Total: 4153 messages
2026-05-05 16:45:54,243 - __main__ - INFO - Rate: 6.91 msg/sec | Total: 25999 messages
2026-05-05 16:45:55,007 - __main__ - INFO - Rate: 0.69 msg/sec | Total: 4160 messages
2026-05-05 16:46:04,249 - __main__ - INFO - Rate: 5.50 msg/sec | Total: 26054 messages
2026-05-05 16:46:05,193 - __main__ - INFO - Rate: 2.06 msg/sec | Total: 4181 messages
2026-05-05 16:46:14,249 - __main__ - INFO - Rate: 5.30 msg/sec | Total: 26107 messages
2026-05-05 16:46:15,365 - __main__ - INFO - Rate: 0.88 msg/sec | Total: 4190 messages
2026-05-05 16:46:24,349 - __main__ - INFO - Rate: 5.84 msg/sec | Total: 26166 messages
2026-05-05 16:46:25,382 - __main__ - INFO - Rate: 0.80 msg/sec | Total: 4198 messages
2026-05-05 16:46:34,390 - __main__ - INFO - Rate: 5.38 msg/sec | Total: 26220 messages
2026-05-05 16:46:35,403 - __main__ - INFO - Rate: 0.40 msg/sec | Total: 4202 messages
2026-05-05 16:46:44,511 - __main__ - INFO - Rate: 7.11 msg/sec | Total: 26292 messages
2026-05-05 16:46:45,556 - __main__ - INFO - Rate: 1.38 msg/sec | Total: 4216 messages
2026-05-05 16:46:54,537 - __main__ - INFO - Rate: 6.48 msg/sec | Total: 26357 messages
2026-05-05 16:46:55,579 - __main__ - INFO - Rate: 0.80 msg/sec | Total: 4224 messages
2026-05-05 16:47:04,634 - __main__ - INFO - Rate: 5.55 msg/sec | Total: 26413 messages
2026-05-05 16:47:05,627 - __main__ - INFO - Rate: 1.59 msg/sec | Total: 4240 messages
2026-05-05 16:47:14,780 - __main__ - INFO - Rate: 5.13 msg/sec | Total: 26465 messages
2026-05-05 16:47:15,673 - __main__ - INFO - Rate: 0.60 msg/sec | Total: 4246 messages
2026-05-05 16:47:24,790 - __main__ - INFO - Rate: 5.39 msg/sec | Total: 26519 messages
2026-05-05 16:47:25,824 - __main__ - INFO - Rate: 0.79 msg/sec | Total: 4254 messages
2026-05-05 16:47:34,926 - __main__ - INFO - Rate: 5.92 msg/sec | Total: 26579 messages
2026-05-05 16:47:35,986 - __main__ - INFO - Rate: 0.39 msg/sec | Total: 4258 messages
2026-05-05 16:47:44,950 - __main__ - INFO - Rate: 6.58 msg/sec | Total: 26645 messages
2026-05-05 16:47:45,997 - __main__ - INFO - Rate: 1.00 msg/sec | Total: 4268 messages
2026-05-05 16:47:55,025 - __main__ - INFO - Rate: 6.95 msg/sec | Total: 26715 messages
2026-05-05 16:47:56,163 - __main__ - INFO - Rate: 1.08 msg/sec | Total: 4279 messages
2026-05-05 16:48:05,059 - __main__ - INFO - Rate: 5.28 msg/sec | Total: 26768 messages
2026-05-05 16:48:06,268 - __main__ - INFO - Rate: 0.99 msg/sec | Total: 4289 messages
2026-05-05 16:48:15,154 - __main__ - INFO - Rate: 5.65 msg/sec | Total: 26825 messages
2026-05-05 16:48:16,276 - __main__ - INFO - Rate: 1.00 msg/sec | Total: 4299 messages
2026-05-05 16:48:25,174 - __main__ - INFO - Rate: 6.89 msg/sec | Total: 26894 messages
2026-05-05 16:48:26,391 - __main__ - INFO - Rate: 1.29 msg/sec | Total: 4312 messages
2026-05-05 16:48:35,263 - __main__ - INFO - Rate: 7.53 msg/sec | Total: 26970 messages
2026-05-05 16:48:36,587 - __main__ - INFO - Rate: 0.88 msg/sec | Total: 4321 messages
2026-05-05 16:48:45,352 - __main__ - INFO - Rate: 5.95 msg/sec | Total: 27030 messages
2026-05-05 16:48:46,735 - __main__ - INFO - Rate: 1.38 msg/sec | Total: 4335 messages
2026-05-05 16:48:55,415 - __main__ - INFO - Rate: 5.37 msg/sec | Total: 27084 messages
2026-05-05 16:48:56,802 - __main__ - INFO - Rate: 1.49 msg/sec | Total: 4350 messages
2026-05-05 16:49:05,474 - __main__ - INFO - Rate: 5.87 msg/sec | Total: 27143 messages
2026-05-05 16:49:06,805 - __main__ - INFO - Rate: 0.80 msg/sec | Total: 4358 messages
2026-05-05 16:49:15,545 - __main__ - INFO - Rate: 5.36 msg/sec | Total: 27197 messages
2026-05-05 16:49:16,885 - __main__ - INFO - Rate: 1.59 msg/sec | Total: 4374 messages
2026-05-05 16:49:25,589 - __main__ - INFO - Rate: 5.67 msg/sec | Total: 27254 messages
2026-05-05 16:49:26,984 - __main__ - INFO - Rate: 1.39 msg/sec | Total: 4388 messages
2026-05-05 16:49:35,732 - __main__ - INFO - Rate: 5.32 msg/sec | Total: 27308 messages
2026-05-05 16:49:37,112 - __main__ - INFO - Rate: 1.28 msg/sec | Total: 4401 messages
2026-05-05 16:49:45,753 - __main__ - INFO - Rate: 5.89 msg/sec | Total: 27367 messages
2026-05-05 16:49:47,161 - __main__ - INFO - Rate: 1.49 msg/sec | Total: 4416 messages
2026-05-05 16:49:55,764 - __main__ - INFO - Rate: 5.79 msg/sec | Total: 27425 messages
2026-05-05 16:49:57,282 - __main__ - INFO - Rate: 1.88 msg/sec | Total: 4435 messages
2026-05-05 16:50:05,771 - __main__ - INFO - Rate: 5.50 msg/sec | Total: 27480 messages
2026-05-05 16:50:07,309 - __main__ - INFO - Rate: 1.00 msg/sec | Total: 4445 messages
2026-05-05 16:50:15,832 - __main__ - INFO - Rate: 6.36 msg/sec | Total: 27544 messages
2026-05-05 16:50:17,333 - __main__ - INFO - Rate: 1.50 msg/sec | Total: 4460 messages
2026-05-05 16:50:25,894 - __main__ - INFO - Rate: 6.26 msg/sec | Total: 27607 messages
2026-05-05 16:50:27,389 - __main__ - INFO - Rate: 1.79 msg/sec | Total: 4478 messages
2026-05-05 16:50:35,975 - __main__ - INFO - Rate: 7.64 msg/sec | Total: 27684 messages
2026-05-05 16:50:37,435 - __main__ - INFO - Rate: 1.00 msg/sec | Total: 4488 messages
2026-05-05 16:50:46,100 - __main__ - INFO - Rate: 5.83 msg/sec | Total: 27743 messages
2026-05-05 16:50:47,499 - __main__ - INFO - Rate: 1.29 msg/sec | Total: 4501 messages
2026-05-05 16:50:56,278 - __main__ - INFO - Rate: 5.31 msg/sec | Total: 27797 messages
2026-05-05 16:50:57,509 - __main__ - INFO - Rate: 1.90 msg/sec | Total: 4520 messages
2026-05-05 16:51:06,437 - __main__ - INFO - Rate: 6.00 msg/sec | Total: 27858 messages
2026-05-05 16:51:07,688 - __main__ - INFO - Rate: 1.38 msg/sec | Total: 4534 messages
2026-05-05 16:51:16,494 - __main__ - INFO - Rate: 4.37 msg/sec | Total: 27902 messages
2026-05-05 16:51:17,756 - __main__ - INFO - Rate: 1.29 msg/sec | Total: 4547 messages
2026-05-05 16:51:26,580 - __main__ - INFO - Rate: 7.04 msg/sec | Total: 27973 messages
2026-05-05 16:51:27,843 - __main__ - INFO - Rate: 1.69 msg/sec | Total: 4564 messages
2026-05-05 16:51:36,637 - __main__ - INFO - Rate: 5.17 msg/sec | Total: 28025 messages
2026-05-05 16:51:37,963 - __main__ - INFO - Rate: 1.09 msg/sec | Total: 4575 messages
2026-05-05 16:51:46,638 - __main__ - INFO - Rate: 5.00 msg/sec | Total: 28075 messages
2026-05-05 16:51:47,977 - __main__ - INFO - Rate: 1.20 msg/sec | Total: 4587 messages
2026-05-05 16:51:56,800 - __main__ - INFO - Rate: 4.72 msg/sec | Total: 28123 messages
2026-05-05 16:51:58,054 - __main__ - INFO - Rate: 1.69 msg/sec | Total: 4604 messages
2026-05-05 16:52:06,819 - __main__ - INFO - Rate: 5.69 msg/sec | Total: 28180 messages
2026-05-05 16:52:08,105 - __main__ - INFO - Rate: 1.59 msg/sec | Total: 4620 messages
2026-05-05 16:52:16,861 - __main__ - INFO - Rate: 5.58 msg/sec | Total: 28236 messages
2026-05-05 16:52:18,242 - __main__ - INFO - Rate: 0.89 msg/sec | Total: 4629 messages
2026-05-05 16:52:26,909 - __main__ - INFO - Rate: 5.37 msg/sec | Total: 28290 messages
2026-05-05 16:52:28,408 - __main__ - INFO - Rate: 1.18 msg/sec | Total: 4641 messages
2026-05-05 16:52:36,913 - __main__ - INFO - Rate: 6.40 msg/sec | Total: 28354 messages
2026-05-05 16:52:38,462 - __main__ - INFO - Rate: 1.19 msg/sec | Total: 4653 messages
2026-05-05 16:52:47,075 - __main__ - INFO - Rate: 6.20 msg/sec | Total: 28417 messages
2026-05-05 16:52:48,562 - __main__ - INFO - Rate: 0.89 msg/sec | Total: 4662 messages
2026-05-05 16:52:57,113 - __main__ - INFO - Rate: 6.18 msg/sec | Total: 28479 messages
2026-05-05 16:52:58,630 - __main__ - INFO - Rate: 0.70 msg/sec | Total: 4669 messages
2026-05-05 16:53:07,125 - __main__ - INFO - Rate: 6.69 msg/sec | Total: 28546 messages
2026-05-05 16:53:08,798 - __main__ - INFO - Rate: 0.69 msg/sec | Total: 4676 messages
2026-05-05 16:53:17,176 - __main__ - INFO - Rate: 5.07 msg/sec | Total: 28597 messages
2026-05-05 16:53:18,854 - __main__ - INFO - Rate: 1.29 msg/sec | Total: 4689 messages
2026-05-05 16:53:27,265 - __main__ - INFO - Rate: 6.15 msg/sec | Total: 28659 messages
2026-05-05 16:53:28,895 - __main__ - INFO - Rate: 1.10 msg/sec | Total: 4700 messages
2026-05-05 16:53:37,407 - __main__ - INFO - Rate: 6.31 msg/sec | Total: 28723 messages
2026-05-05 16:53:39,005 - __main__ - INFO - Rate: 0.89 msg/sec | Total: 4709 messages
2026-05-05 16:53:47,557 - __main__ - INFO - Rate: 6.31 msg/sec | Total: 28787 messages
2026-05-05 16:53:49,009 - __main__ - INFO - Rate: 1.10 msg/sec | Total: 4720 messages
2026-05-05 16:53:57,662 - __main__ - INFO - Rate: 6.33 msg/sec | Total: 28851 messages
2026-05-05 16:53:59,158 - __main__ - INFO - Rate: 1.48 msg/sec | Total: 4735 messages
2026-05-05 16:54:07,670 - __main__ - INFO - Rate: 6.19 msg/sec | Total: 28913 messages
2026-05-05 16:54:09,280 - __main__ - INFO - Rate: 0.89 msg/sec | Total: 4744 messages
2026-05-05 16:54:17,689 - __main__ - INFO - Rate: 5.49 msg/sec | Total: 28968 messages
2026-05-05 16:54:19,355 - __main__ - INFO - Rate: 0.99 msg/sec | Total: 4754 messages
2026-05-05 16:54:27,874 - __main__ - INFO - Rate: 5.99 msg/sec | Total: 29029 messages
2026-05-05 16:54:29,485 - __main__ - INFO - Rate: 0.79 msg/sec | Total: 4762 messages
2026-05-05 16:54:37,875 - __main__ - INFO - Rate: 5.80 msg/sec | Total: 29087 messages
2026-05-05 16:54:39,581 - __main__ - INFO - Rate: 1.09 msg/sec | Total: 4773 messages
2026-05-05 16:54:47,989 - __main__ - INFO - Rate: 4.94 msg/sec | Total: 29137 messages
2026-05-05 16:54:49,705 - __main__ - INFO - Rate: 1.48 msg/sec | Total: 4788 messages
2026-05-05 16:54:58,040 - __main__ - INFO - Rate: 5.67 msg/sec | Total: 29194 messages
2026-05-05 16:54:59,795 - __main__ - INFO - Rate: 0.79 msg/sec | Total: 4796 messages
2026-05-05 16:55:08,045 - __main__ - INFO - Rate: 5.30 msg/sec | Total: 29247 messages
2026-05-05 16:55:09,889 - __main__ - INFO - Rate: 1.09 msg/sec | Total: 4807 messages
2026-05-05 16:55:18,059 - __main__ - INFO - Rate: 5.49 msg/sec | Total: 29302 messages
2026-05-05 16:55:19,894 - __main__ - INFO - Rate: 1.20 msg/sec | Total: 4819 messages
2026-05-05 16:55:28,080 - __main__ - INFO - Rate: 6.29 msg/sec | Total: 29365 messages
2026-05-05 16:55:30,011 - __main__ - INFO - Rate: 0.89 msg/sec | Total: 4828 messages
2026-05-05 16:55:38,102 - __main__ - INFO - Rate: 6.39 msg/sec | Total: 29429 messages
2026-05-05 16:55:40,095 - __main__ - INFO - Rate: 0.89 msg/sec | Total: 4837 messages
2026-05-05 16:55:48,134 - __main__ - INFO - Rate: 5.58 msg/sec | Total: 29485 messages
2026-05-05 16:55:50,252 - __main__ - INFO - Rate: 1.28 msg/sec | Total: 4850 messages
2026-05-05 16:55:58,155 - __main__ - INFO - Rate: 6.49 msg/sec | Total: 29550 messages
2026-05-05 16:56:00,404 - __main__ - INFO - Rate: 1.38 msg/sec | Total: 4864 messages
2026-05-05 16:56:08,273 - __main__ - INFO - Rate: 4.55 msg/sec | Total: 29596 messages
2026-05-05 16:56:10,473 - __main__ - INFO - Rate: 0.99 msg/sec | Total: 4874 messages
2026-05-05 16:56:18,388 - __main__ - INFO - Rate: 7.41 msg/sec | Total: 29671 messages
2026-05-05 16:56:20,569 - __main__ - INFO - Rate: 1.19 msg/sec | Total: 4886 messages
2026-05-05 16:56:28,509 - __main__ - INFO - Rate: 7.11 msg/sec | Total: 29743 messages
2026-05-05 16:56:30,633 - __main__ - INFO - Rate: 0.89 msg/sec | Total: 4895 messages
2026-05-05 16:56:38,612 - __main__ - INFO - Rate: 5.25 msg/sec | Total: 29796 messages
2026-05-05 16:56:40,668 - __main__ - INFO - Rate: 1.10 msg/sec | Total: 4906 messages
2026-05-05 16:56:48,648 - __main__ - INFO - Rate: 5.28 msg/sec | Total: 29849 messages
2026-05-05 16:56:50,834 - __main__ - INFO - Rate: 1.38 msg/sec | Total: 4920 messages
2026-05-05 16:56:58,794 - __main__ - INFO - Rate: 5.32 msg/sec | Total: 29903 messages
2026-05-05 16:57:01,031 - __main__ - INFO - Rate: 0.98 msg/sec | Total: 4930 messages
2026-05-05 16:57:08,899 - __main__ - INFO - Rate: 5.84 msg/sec | Total: 29962 messages
2026-05-05 16:57:11,034 - __main__ - INFO - Rate: 1.00 msg/sec | Total: 4940 messages
2026-05-05 16:57:19,023 - __main__ - INFO - Rate: 5.83 msg/sec | Total: 30021 messages
2026-05-05 16:57:21,050 - __main__ - INFO - Rate: 1.50 msg/sec | Total: 4955 messages
2026-05-05 16:57:29,136 - __main__ - INFO - Rate: 5.14 msg/sec | Total: 30073 messages
2026-05-05 16:57:31,165 - __main__ - INFO - Rate: 0.69 msg/sec | Total: 4962 messages
2026-05-05 16:57:39,222 - __main__ - INFO - Rate: 4.76 msg/sec | Total: 30121 messages
2026-05-05 16:57:41,244 - __main__ - INFO - Rate: 0.89 msg/sec | Total: 4971 messages
2026-05-05 16:57:49,363 - __main__ - INFO - Rate: 5.32 msg/sec | Total: 30175 messages
2026-05-05 16:57:51,343 - __main__ - INFO - Rate: 0.50 msg/sec | Total: 4976 messages
2026-05-05 16:57:59,507 - __main__ - INFO - Rate: 6.90 msg/sec | Total: 30245 messages
2026-05-05 16:58:01,377 - __main__ - INFO - Rate: 1.30 msg/sec | Total: 4989 messages
2026-05-05 16:58:09,511 - __main__ - INFO - Rate: 6.30 msg/sec | Total: 30308 messages
2026-05-05 16:58:11,546 - __main__ - INFO - Rate: 0.39 msg/sec | Total: 4993 messages
2026-05-05 16:58:19,543 - __main__ - INFO - Rate: 5.88 msg/sec | Total: 30367 messages
2026-05-05 16:58:21,734 - __main__ - INFO - Rate: 0.20 msg/sec | Total: 4995 messages
2026-05-05 16:58:29,583 - __main__ - INFO - Rate: 6.67 msg/sec | Total: 30434 messages
2026-05-05 16:58:31,735 - __main__ - INFO - Rate: 0.20 msg/sec | Total: 4997 messages
2026-05-05 16:58:39,613 - __main__ - INFO - Rate: 5.09 msg/sec | Total: 30485 messages
2026-05-05 16:58:41,882 - __main__ - INFO - Rate: 0.79 msg/sec | Total: 5005 messages
2026-05-05 16:58:49,615 - __main__ - INFO - Rate: 5.00 msg/sec | Total: 30535 messages
2026-05-05 16:58:52,021 - __main__ - INFO - Rate: 0.20 msg/sec | Total: 5007 messages
2026-05-05 16:58:59,616 - __main__ - INFO - Rate: 4.00 msg/sec | Total: 30575 messages
2026-05-05 16:59:02,209 - __main__ - INFO - Rate: 0.39 msg/sec | Total: 5011 messages
2026-05-05 16:59:09,671 - __main__ - INFO - Rate: 6.27 msg/sec | Total: 30638 messages
2026-05-05 16:59:12,212 - __main__ - INFO - Rate: 0.40 msg/sec | Total: 5015 messages
2026-05-05 16:59:19,811 - __main__ - INFO - Rate: 5.82 msg/sec | Total: 30697 messages
2026-05-05 16:59:22,296 - __main__ - INFO - Rate: 0.30 msg/sec | Total: 5018 messages
2026-05-05 16:59:29,894 - __main__ - INFO - Rate: 6.05 msg/sec | Total: 30758 messages
2026-05-05 16:59:32,365 - __main__ - INFO - Rate: 0.60 msg/sec | Total: 5024 messages
2026-05-05 16:59:39,936 - __main__ - INFO - Rate: 6.07 msg/sec | Total: 30819 messages
2026-05-05 16:59:42,484 - __main__ - INFO - Rate: 0.40 msg/sec | Total: 5028 messages
2026-05-05 16:59:50,017 - __main__ - INFO - Rate: 4.27 msg/sec | Total: 30862 messages
2026-05-05 16:59:52,492 - __main__ - INFO - Rate: 0.60 msg/sec | Total: 5034 messages
2026-05-05 17:00:00,066 - __main__ - INFO - Rate: 5.87 msg/sec | Total: 30921 messages
2026-05-05 17:00:02,601 - __main__ - INFO - Rate: 0.59 msg/sec | Total: 5040 messages
2026-05-05 17:00:10,080 - __main__ - INFO - Rate: 5.69 msg/sec | Total: 30978 messages
2026-05-05 17:00:12,738 - __main__ - INFO - Rate: 0.49 msg/sec | Total: 5045 messages
2026-05-05 17:00:20,107 - __main__ - INFO - Rate: 5.09 msg/sec | Total: 31029 messages
2026-05-05 17:00:22,866 - __main__ - INFO - Rate: 0.49 msg/sec | Total: 5050 messages
2026-05-05 17:00:30,142 - __main__ - INFO - Rate: 7.47 msg/sec | Total: 31104 messages
2026-05-05 17:00:32,886 - __main__ - INFO - Rate: 1.30 msg/sec | Total: 5063 messages
2026-05-05 17:00:40,263 - __main__ - INFO - Rate: 6.22 msg/sec | Total: 31167 messages
2026-05-05 17:00:43,055 - __main__ - INFO - Rate: 1.08 msg/sec | Total: 5074 messages
2026-05-05 17:00:50,311 - __main__ - INFO - Rate: 5.57 msg/sec | Total: 31223 messages
2026-05-05 17:00:53,115 - __main__ - INFO - Rate: 1.19 msg/sec | Total: 5086 messages
2026-05-05 17:01:00,412 - __main__ - INFO - Rate: 5.45 msg/sec | Total: 31278 messages
2026-05-05 17:01:03,140 - __main__ - INFO - Rate: 1.20 msg/sec | Total: 5098 messages
2026-05-05 17:01:10,455 - __main__ - INFO - Rate: 6.87 msg/sec | Total: 31347 messages
2026-05-05 17:01:13,192 - __main__ - INFO - Rate: 1.29 msg/sec | Total: 5111 messages
2026-05-05 17:01:20,563 - __main__ - INFO - Rate: 5.94 msg/sec | Total: 31407 messages
2026-05-05 17:01:23,208 - __main__ - INFO - Rate: 0.50 msg/sec | Total: 5116 messages
2026-05-05 17:01:30,618 - __main__ - INFO - Rate: 6.27 msg/sec | Total: 31470 messages
2026-05-05 17:01:33,249 - __main__ - INFO - Rate: 1.39 msg/sec | Total: 5130 messages
2026-05-05 17:01:40,770 - __main__ - INFO - Rate: 7.29 msg/sec | Total: 31544 messages
2026-05-05 17:01:43,271 - __main__ - INFO - Rate: 1.30 msg/sec | Total: 5143 messages
2026-05-05 17:01:50,791 - __main__ - INFO - Rate: 6.09 msg/sec | Total: 31605 messages
2026-05-05 17:01:53,431 - __main__ - INFO - Rate: 0.79 msg/sec | Total: 5151 messages
2026-05-05 17:02:00,816 - __main__ - INFO - Rate: 7.68 msg/sec | Total: 31682 messages
2026-05-05 17:02:03,529 - __main__ - INFO - Rate: 1.09 msg/sec | Total: 5162 messages
2026-05-05 17:02:10,876 - __main__ - INFO - Rate: 7.16 msg/sec | Total: 31754 messages
2026-05-05 17:02:13,531 - __main__ - INFO - Rate: 1.50 msg/sec | Total: 5177 messages
2026-05-05 17:02:20,948 - __main__ - INFO - Rate: 5.86 msg/sec | Total: 31813 messages
2026-05-05 17:02:23,721 - __main__ - INFO - Rate: 1.47 msg/sec | Total: 5192 messages
2026-05-05 17:02:31,022 - __main__ - INFO - Rate: 7.74 msg/sec | Total: 31891 messages
2026-05-05 17:02:33,813 - __main__ - INFO - Rate: 2.18 msg/sec | Total: 5214 messages
2026-05-05 17:02:41,106 - __main__ - INFO - Rate: 7.44 msg/sec | Total: 31966 messages
2026-05-05 17:02:43,980 - __main__ - INFO - Rate: 1.57 msg/sec | Total: 5230 messages
2026-05-05 17:02:51,121 - __main__ - INFO - Rate: 7.09 msg/sec | Total: 32037 messages
2026-05-05 17:02:54,081 - __main__ - INFO - Rate: 1.09 msg/sec | Total: 5241 messages
2026-05-05 17:03:01,321 - __main__ - INFO - Rate: 6.08 msg/sec | Total: 32099 messages
2026-05-05 17:03:04,166 - __main__ - INFO - Rate: 1.19 msg/sec | Total: 5253 messages
2026-05-05 17:03:11,457 - __main__ - INFO - Rate: 5.62 msg/sec | Total: 32156 messages
2026-05-05 17:03:14,194 - __main__ - INFO - Rate: 1.50 msg/sec | Total: 5268 messages
2026-05-05 17:03:21,552 - __main__ - INFO - Rate: 5.45 msg/sec | Total: 32211 messages
2026-05-05 17:03:24,265 - __main__ - INFO - Rate: 1.89 msg/sec | Total: 5287 messages
2026-05-05 17:03:31,631 - __main__ - INFO - Rate: 5.56 msg/sec | Total: 32267 messages
2026-05-05 17:03:34,344 - __main__ - INFO - Rate: 1.98 msg/sec | Total: 5307 messages
2026-05-05 17:03:41,631 - __main__ - INFO - Rate: 4.90 msg/sec | Total: 32316 messages
2026-05-05 17:03:44,536 - __main__ - INFO - Rate: 1.08 msg/sec | Total: 5318 messages
2026-05-05 17:03:51,802 - __main__ - INFO - Rate: 5.80 msg/sec | Total: 32375 messages
2026-05-05 17:03:54,730 - __main__ - INFO - Rate: 1.08 msg/sec | Total: 5329 messages
2026-05-05 17:04:01,938 - __main__ - INFO - Rate: 7.70 msg/sec | Total: 32453 messages
2026-05-05 17:04:04,731 - __main__ - INFO - Rate: 1.00 msg/sec | Total: 5339 messages
2026-05-05 17:04:12,066 - __main__ - INFO - Rate: 5.53 msg/sec | Total: 32509 messages
2026-05-05 17:04:14,745 - __main__ - INFO - Rate: 0.70 msg/sec | Total: 5346 messages
2026-05-05 17:04:22,153 - __main__ - INFO - Rate: 5.75 msg/sec | Total: 32567 messages
2026-05-05 17:04:24,841 - __main__ - INFO - Rate: 0.89 msg/sec | Total: 5355 messages
2026-05-05 17:04:32,185 - __main__ - INFO - Rate: 7.58 msg/sec | Total: 32643 messages
2026-05-05 17:04:34,930 - __main__ - INFO - Rate: 1.19 msg/sec | Total: 5367 messages
2026-05-05 17:04:42,341 - __main__ - INFO - Rate: 7.29 msg/sec | Total: 32717 messages
2026-05-05 17:04:45,009 - __main__ - INFO - Rate: 1.09 msg/sec | Total: 5378 messages
2026-05-05 17:04:52,485 - __main__ - INFO - Rate: 6.21 msg/sec | Total: 32780 messages
2026-05-05 17:04:55,100 - __main__ - INFO - Rate: 0.99 msg/sec | Total: 5388 messages
2026-05-05 17:05:02,659 - __main__ - INFO - Rate: 7.08 msg/sec | Total: 32852 messages
2026-05-05 17:05:05,259 - __main__ - INFO - Rate: 0.69 msg/sec | Total: 5395 messages
2026-05-05 17:05:12,749 - __main__ - INFO - Rate: 5.05 msg/sec | Total: 32903 messages
2026-05-05 17:05:15,441 - __main__ - INFO - Rate: 1.18 msg/sec | Total: 5407 messages
2026-05-05 17:05:22,865 - __main__ - INFO - Rate: 6.33 msg/sec | Total: 32967 messages
2026-05-05 17:05:25,508 - __main__ - INFO - Rate: 0.99 msg/sec | Total: 5417 messages
2026-05-05 17:05:32,943 - __main__ - INFO - Rate: 6.25 msg/sec | Total: 33030 messages
2026-05-05 17:05:35,670 - __main__ - INFO - Rate: 0.89 msg/sec | Total: 5426 messages
2026-05-05 17:05:42,987 - __main__ - INFO - Rate: 7.17 msg/sec | Total: 33102 messages
2026-05-05 17:05:45,704 - __main__ - INFO - Rate: 1.30 msg/sec | Total: 5439 messages
2026-05-05 17:05:53,177 - __main__ - INFO - Rate: 6.58 msg/sec | Total: 33169 messages
2026-05-05 17:05:55,760 - __main__ - INFO - Rate: 1.09 msg/sec | Total: 5450 messages
2026-05-05 17:06:03,190 - __main__ - INFO - Rate: 5.99 msg/sec | Total: 33229 messages
2026-05-05 17:06:05,824 - __main__ - INFO - Rate: 0.99 msg/sec | Total: 5460 messages
2026-05-05 17:06:13,277 - __main__ - INFO - Rate: 5.25 msg/sec | Total: 33282 messages
2026-05-05 17:06:15,873 - __main__ - INFO - Rate: 1.00 msg/sec | Total: 5470 messages
2026-05-05 17:06:23,426 - __main__ - INFO - Rate: 6.01 msg/sec | Total: 33343 messages
2026-05-05 17:06:26,032 - __main__ - INFO - Rate: 1.28 msg/sec | Total: 5483 messages
2026-05-05 17:06:33,554 - __main__ - INFO - Rate: 5.53 msg/sec | Total: 33399 messages
2026-05-05 17:06:36,202 - __main__ - INFO - Rate: 1.28 msg/sec | Total: 5496 messages
2026-05-05 17:06:43,653 - __main__ - INFO - Rate: 5.05 msg/sec | Total: 33450 messages
2026-05-05 17:06:46,269 - __main__ - INFO - Rate: 1.89 msg/sec | Total: 5515 messages
2026-05-05 17:06:53,706 - __main__ - INFO - Rate: 6.17 msg/sec | Total: 33512 messages
2026-05-05 17:06:56,303 - __main__ - INFO - Rate: 1.20 msg/sec | Total: 5527 messages
2026-05-05 17:07:03,712 - __main__ - INFO - Rate: 6.00 msg/sec | Total: 33572 messages
2026-05-05 17:07:06,307 - __main__ - INFO - Rate: 1.30 msg/sec | Total: 5540 messages
2026-05-05 17:07:13,774 - __main__ - INFO - Rate: 4.77 msg/sec | Total: 33620 messages
2026-05-05 17:07:16,467 - __main__ - INFO - Rate: 0.89 msg/sec | Total: 5549 messages
2026-05-05 17:07:23,859 - __main__ - INFO - Rate: 6.15 msg/sec | Total: 33682 messages
2026-05-05 17:07:26,651 - __main__ - INFO - Rate: 1.18 msg/sec | Total: 5561 messages
2026-05-05 17:07:33,865 - __main__ - INFO - Rate: 6.60 msg/sec | Total: 33748 messages
2026-05-05 17:07:36,774 - __main__ - INFO - Rate: 0.89 msg/sec | Total: 5570 messages
2026-05-05 17:07:44,138 - __main__ - INFO - Rate: 5.84 msg/sec | Total: 33808 messages
2026-05-05 17:07:46,961 - __main__ - INFO - Rate: 0.79 msg/sec | Total: 5578 messages
2026-05-05 17:07:54,247 - __main__ - INFO - Rate: 6.23 msg/sec | Total: 33871 messages
2026-05-05 17:07:57,025 - __main__ - INFO - Rate: 1.19 msg/sec | Total: 5590 messages
2026-05-05 17:08:04,376 - __main__ - INFO - Rate: 4.74 msg/sec | Total: 33919 messages
2026-05-05 17:08:07,155 - __main__ - INFO - Rate: 0.59 msg/sec | Total: 5596 messages
2026-05-05 17:08:14,489 - __main__ - INFO - Rate: 6.72 msg/sec | Total: 33987 messages
2026-05-05 17:08:17,325 - __main__ - INFO - Rate: 1.38 msg/sec | Total: 5610 messages
2026-05-05 17:08:24,653 - __main__ - INFO - Rate: 6.59 msg/sec | Total: 34054 messages
2026-05-05 17:08:27,428 - __main__ - INFO - Rate: 2.77 msg/sec | Total: 5638 messages
2026-05-05 17:08:34,711 - __main__ - INFO - Rate: 6.66 msg/sec | Total: 34121 messages
2026-05-05 17:08:37,539 - __main__ - INFO - Rate: 1.48 msg/sec | Total: 5653 messages
2026-05-05 17:08:44,720 - __main__ - INFO - Rate: 6.19 msg/sec | Total: 34183 messages
2026-05-05 17:08:47,687 - __main__ - INFO - Rate: 1.18 msg/sec | Total: 5665 messages
2026-05-05 17:08:54,859 - __main__ - INFO - Rate: 4.44 msg/sec | Total: 34228 messages
2026-05-05 17:08:57,757 - __main__ - INFO - Rate: 1.09 msg/sec | Total: 5676 messages
2026-05-05 17:09:04,896 - __main__ - INFO - Rate: 4.78 msg/sec | Total: 34276 messages
2026-05-05 17:09:07,874 - __main__ - INFO - Rate: 0.79 msg/sec | Total: 5684 messages
2026-05-05 17:09:14,985 - __main__ - INFO - Rate: 7.14 msg/sec | Total: 34348 messages
2026-05-05 17:09:17,912 - __main__ - INFO - Rate: 1.69 msg/sec | Total: 5701 messages
2026-05-05 17:09:25,079 - __main__ - INFO - Rate: 5.55 msg/sec | Total: 34404 messages
2026-05-05 17:09:27,958 - __main__ - INFO - Rate: 0.80 msg/sec | Total: 5709 messages
2026-05-05 17:09:35,164 - __main__ - INFO - Rate: 5.85 msg/sec | Total: 34463 messages
2026-05-05 17:09:37,966 - __main__ - INFO - Rate: 1.10 msg/sec | Total: 5720 messages
2026-05-05 17:09:45,167 - __main__ - INFO - Rate: 5.70 msg/sec | Total: 34520 messages
2026-05-05 17:09:47,991 - __main__ - INFO - Rate: 1.20 msg/sec | Total: 5732 messages
2026-05-05 17:09:55,214 - __main__ - INFO - Rate: 6.17 msg/sec | Total: 34582 messages
2026-05-05 17:09:58,111 - __main__ - INFO - Rate: 0.99 msg/sec | Total: 5742 messages
2026-05-05 17:10:05,225 - __main__ - INFO - Rate: 5.29 msg/sec | Total: 34635 messages
2026-05-05 17:10:08,154 - __main__ - INFO - Rate: 0.70 msg/sec | Total: 5749 messages
2026-05-05 17:10:15,305 - __main__ - INFO - Rate: 6.55 msg/sec | Total: 34701 messages
2026-05-05 17:10:18,224 - __main__ - INFO - Rate: 0.79 msg/sec | Total: 5757 messages
2026-05-05 17:10:25,395 - __main__ - INFO - Rate: 7.93 msg/sec | Total: 34781 messages
2026-05-05 17:10:28,308 - __main__ - INFO - Rate: 0.99 msg/sec | Total: 5767 messages
2026-05-05 17:10:35,400 - __main__ - INFO - Rate: 9.10 msg/sec | Total: 34872 messages
2026-05-05 17:10:38,342 - __main__ - INFO - Rate: 1.69 msg/sec | Total: 5784 messages
2026-05-05 17:10:45,447 - __main__ - INFO - Rate: 7.96 msg/sec | Total: 34952 messages
2026-05-05 17:10:48,345 - __main__ - INFO - Rate: 1.10 msg/sec | Total: 5795 messages
2026-05-05 17:10:55,563 - __main__ - INFO - Rate: 8.21 msg/sec | Total: 35035 messages
2026-05-05 17:10:58,385 - __main__ - INFO - Rate: 0.90 msg/sec | Total: 5804 messages
2026-05-05 17:11:05,586 - __main__ - INFO - Rate: 6.29 msg/sec | Total: 35098 messages
2026-05-05 17:11:08,425 - __main__ - INFO - Rate: 1.20 msg/sec | Total: 5816 messages
2026-05-05 17:11:15,755 - __main__ - INFO - Rate: 6.29 msg/sec | Total: 35162 messages
2026-05-05 17:11:18,479 - __main__ - INFO - Rate: 1.09 msg/sec | Total: 5827 messages
2026-05-05 17:11:25,844 - __main__ - INFO - Rate: 5.65 msg/sec | Total: 35219 messages
2026-05-05 17:11:28,650 - __main__ - INFO - Rate: 0.98 msg/sec | Total: 5837 messages
2026-05-05 17:11:35,954 - __main__ - INFO - Rate: 5.34 msg/sec | Total: 35273 messages
2026-05-05 17:11:38,840 - __main__ - INFO - Rate: 1.67 msg/sec | Total: 5854 messages
2026-05-05 17:11:46,081 - __main__ - INFO - Rate: 5.83 msg/sec | Total: 35332 messages
2026-05-05 17:11:49,006 - __main__ - INFO - Rate: 0.89 msg/sec | Total: 5863 messages
2026-05-05 17:11:56,097 - __main__ - INFO - Rate: 7.39 msg/sec | Total: 35406 messages
2026-05-05 17:11:59,177 - __main__ - INFO - Rate: 1.38 msg/sec | Total: 5877 messages
2026-05-05 17:12:06,198 - __main__ - INFO - Rate: 7.23 msg/sec | Total: 35479 messages
2026-05-05 17:12:09,344 - __main__ - INFO - Rate: 1.08 msg/sec | Total: 5888 messages
2026-05-05 17:12:16,208 - __main__ - INFO - Rate: 7.19 msg/sec | Total: 35551 messages
2026-05-05 17:12:19,397 - __main__ - INFO - Rate: 1.19 msg/sec | Total: 5900 messages
2026-05-05 17:12:26,218 - __main__ - INFO - Rate: 7.69 msg/sec | Total: 35628 messages
2026-05-05 17:12:29,416 - __main__ - INFO - Rate: 1.10 msg/sec | Total: 5911 messages
2026-05-05 17:12:36,309 - __main__ - INFO - Rate: 6.44 msg/sec | Total: 35693 messages
2026-05-05 17:12:39,550 - __main__ - INFO - Rate: 1.48 msg/sec | Total: 5926 messages
2026-05-05 17:12:46,320 - __main__ - INFO - Rate: 6.19 msg/sec | Total: 35755 messages
2026-05-05 17:12:49,584 - __main__ - INFO - Rate: 1.69 msg/sec | Total: 5943 messages
2026-05-05 17:12:56,336 - __main__ - INFO - Rate: 5.89 msg/sec | Total: 35814 messages
2026-05-05 17:12:59,657 - __main__ - INFO - Rate: 0.69 msg/sec | Total: 5950 messages
2026-05-05 17:13:06,384 - __main__ - INFO - Rate: 6.37 msg/sec | Total: 35878 messages
2026-05-05 17:13:09,750 - __main__ - INFO - Rate: 0.89 msg/sec | Total: 5959 messages
2026-05-05 17:13:16,476 - __main__ - INFO - Rate: 6.94 msg/sec | Total: 35948 messages
2026-05-05 17:13:19,752 - __main__ - INFO - Rate: 1.10 msg/sec | Total: 5970 messages
2026-05-05 17:13:26,486 - __main__ - INFO - Rate: 5.39 msg/sec | Total: 36002 messages
2026-05-05 17:13:29,882 - __main__ - INFO - Rate: 1.58 msg/sec | Total: 5986 messages
2026-05-05 17:13:36,499 - __main__ - INFO - Rate: 6.19 msg/sec | Total: 36064 messages
2026-05-05 17:13:39,996 - __main__ - INFO - Rate: 0.69 msg/sec | Total: 5993 messages
2026-05-05 17:13:46,704 - __main__ - INFO - Rate: 5.88 msg/sec | Total: 36124 messages
2026-05-05 17:13:50,025 - __main__ - INFO - Rate: 1.50 msg/sec | Total: 6008 messages
2026-05-05 17:13:56,854 - __main__ - INFO - Rate: 6.70 msg/sec | Total: 36192 messages
2026-05-05 17:14:00,208 - __main__ - INFO - Rate: 1.37 msg/sec | Total: 6022 messages
2026-05-05 17:14:06,920 - __main__ - INFO - Rate: 1.79 msg/sec | Total: 36210 messages
2026-05-05 17:14:10,329 - __main__ - INFO - Rate: 0.00 msg/sec | Total: 6022 messages
2026-05-05 17:14:17,048 - __main__ - INFO - Rate: 0.00 msg/sec | Total: 36210 messages
2026-05-05 17:14:20,514 - __main__ - INFO - Rate: 0.00 msg/sec | Total: 6022 messages
2026-05-05 17:14:27,246 - __main__ - INFO - Rate: 0.00 msg/sec | Total: 36210 messages
2026-05-05 17:14:29,278 - __main__ - ERROR - Error starting service: HiveMQService.on_disconnect() takes from 4 to 5 positional arguments but 6 were given
2026-05-05 17:14:29,279 - __main__ - INFO - Stopping HiveMQ service...
2026-05-05 17:14:29,279 - __main__ - INFO - MQTT client stopped successfully
2026-05-05 17:14:29,279 - __main__ - INFO - Waiting for database worker to finish...
2026-05-05 17:14:29,329 - __main__ - ERROR - Error starting service: HiveMQService.on_disconnect() takes from 4 to 5 positional arguments but 6 were given
2026-05-05 17:14:29,354 - __main__ - INFO - Stopping HiveMQ service...
2026-05-05 17:14:29,369 - __main__ - INFO - Database worker stopped. Total messages stored: 36210
2026-05-05 17:14:29,374 - __main__ - INFO - MQTT client stopped successfully
2026-05-05 17:14:29,399 - __main__ - INFO - Waiting for database worker to finish...
2026-05-05 17:14:29,400 - __main__ - INFO - HiveMQ service stopped
2026-05-05 17:14:29,419 - __main__ - ERROR - Fatal error for HiveMQ-Cloud: HiveMQService.on_disconnect() takes from 4 to 5 positional arguments but 6 were given
2026-05-05 17:14:29,461 - __main__ - INFO - Database worker stopped. Total messages stored: 6022
2026-05-05 17:14:29,479 - __main__ - INFO - HiveMQ service stopped
2026-05-05 17:14:29,488 - __main__ - ERROR - Fatal error for Broker-2: HiveMQService.on_disconnect() takes from 4 to 5 positional arguments but 6 were given
2026-05-05 18:22:43,042 - __main__ - INFO - Skipping POSIX signal handlers (not running on main thread, e.g. Streamlit)
2026-05-05 18:22:43,043 - __main__ - INFO - ============================================================
2026-05-05 18:22:43,043 - __main__ - INFO - HiveMQ Service Starting (Dual-Broker mode)
2026-05-05 18:22:43,043 - __main__ - INFO - ============================================================
2026-05-05 18:22:43,060 - database - INFO - Database initialised at mqtt_data.db
2026-05-05 18:22:43,060 - database - INFO - Database initialised at mqtt_data.db
2026-05-05 18:22:43,227 - __main__ - INFO - Database initialised (shared schema) at mqtt_data.db
2026-05-05 18:22:43,228 - __main__ - INFO - Database worker thread started
2026-05-05 18:22:43,312 - __main__ - INFO - TLS enabled for secure connection
2026-05-05 18:22:43,313 - __main__ - INFO - Connecting to broker HiveMQ-Cloud at b9ff4eeb544e4ac18142a019bc399b43.s2.eu.hivemq.cloud:8883
2026-05-05 18:22:43,321 - __main__ - INFO - Database initialised (shared schema) at mqtt_data.db
2026-05-05 18:22:43,322 - __main__ - INFO - Database worker thread started
2026-05-05 18:22:43,402 - __main__ - INFO - TLS enabled for secure connection
2026-05-05 18:22:43,404 - __main__ - INFO - Connecting to broker Broker-2 at newflo-789c1e1b.a03.euc1.aws.hivemq.cloud:8883
2026-05-05 18:22:43,903 - __main__ - INFO - Starting MQTT loop...
2026-05-05 18:22:43,986 - __main__ - INFO - Starting MQTT loop...
2026-05-05 18:22:44,059 - __main__ - INFO - Connected successfully to broker (HiveMQ-Cloud)
2026-05-05 18:22:44,060 - __main__ - INFO - Subscribed to topic: #
2026-05-05 18:22:44,219 - __main__ - INFO - Subscription confirmed with QoS: [ReasonCode(Suback, 'Granted QoS 1')]
2026-05-05 18:22:44,437 - __main__ - INFO - Connected successfully to broker (Broker-2)
2026-05-05 18:22:44,437 - __main__ - INFO - Subscribed to topic: #
2026-05-05 18:22:44,640 - __main__ - INFO - Subscription confirmed with QoS: [ReasonCode(Suback, 'Granted QoS 1')]
2026-05-05 18:22:53,071 - __main__ - INFO - Rate: 4.29 msg/sec | Total: 43 messages
2026-05-05 18:22:53,127 - __main__ - INFO - Rate: 0.79 msg/sec | Total: 8 messages
2026-05-05 18:23:03,210 - __main__ - INFO - Rate: 5.92 msg/sec | Total: 103 messages
2026-05-05 18:23:03,330 - __main__ - INFO - Rate: 0.39 msg/sec | Total: 12 messages
2026-05-05 18:23:13,293 - __main__ - INFO - Rate: 5.75 msg/sec | Total: 161 messages
2026-05-05 18:23:13,381 - __main__ - INFO - Rate: 0.90 msg/sec | Total: 21 messages
2026-05-05 18:23:23,483 - __main__ - INFO - Rate: 1.19 msg/sec | Total: 33 messages
2026-05-05 18:23:23,483 - __main__ - INFO - Rate: 6.77 msg/sec | Total: 230 messages
2026-05-05 18:23:33,500 - __main__ - INFO - Rate: 0.50 msg/sec | Total: 38 messages
2026-05-05 18:23:33,540 - __main__ - INFO - Rate: 7.26 msg/sec | Total: 303 messages
2026-05-05 18:23:43,568 - __main__ - INFO - Rate: 5.78 msg/sec | Total: 361 messages
2026-05-05 18:23:43,671 - __main__ - INFO - Rate: 1.18 msg/sec | Total: 50 messages
2026-05-05 18:23:53,599 - __main__ - INFO - Rate: 5.38 msg/sec | Total: 415 messages
2026-05-05 18:23:53,724 - __main__ - INFO - Rate: 0.50 msg/sec | Total: 55 messages
2026-05-05 18:24:03,690 - __main__ - INFO - Rate: 5.35 msg/sec | Total: 469 messages
2026-05-05 18:24:03,935 - __main__ - INFO - Rate: 0.59 msg/sec | Total: 61 messages
2026-05-05 18:24:13,693 - __main__ - INFO - Rate: 6.60 msg/sec | Total: 535 messages
2026-05-05 18:24:14,066 - __main__ - INFO - Rate: 1.48 msg/sec | Total: 76 messages
2026-05-05 18:24:23,875 - __main__ - INFO - Rate: 5.99 msg/sec | Total: 596 messages
2026-05-05 18:24:24,125 - __main__ - INFO - Rate: 1.09 msg/sec | Total: 87 messages
2026-05-05 18:24:33,946 - __main__ - INFO - Rate: 6.26 msg/sec | Total: 659 messages
2026-05-05 18:24:34,279 - __main__ - INFO - Rate: 0.79 msg/sec | Total: 95 messages
2026-05-05 18:24:43,983 - __main__ - INFO - Rate: 4.88 msg/sec | Total: 708 messages
2026-05-05 18:24:44,329 - __main__ - INFO - Rate: 0.60 msg/sec | Total: 101 messages
2026-05-05 18:24:54,165 - __main__ - INFO - Rate: 5.50 msg/sec | Total: 764 messages
2026-05-05 18:24:54,511 - __main__ - INFO - Rate: 0.88 msg/sec | Total: 110 messages
2026-05-05 18:25:04,336 - __main__ - INFO - Rate: 6.29 msg/sec | Total: 828 messages
2026-05-05 18:25:04,583 - __main__ - INFO - Rate: 1.09 msg/sec | Total: 121 messages
2026-05-05 18:25:14,442 - __main__ - INFO - Rate: 5.64 msg/sec | Total: 885 messages
2026-05-05 18:25:14,671 - __main__ - INFO - Rate: 0.69 msg/sec | Total: 128 messages
2026-05-05 18:25:24,559 - __main__ - INFO - Rate: 6.42 msg/sec | Total: 950 messages
2026-05-05 18:25:24,775 - __main__ - INFO - Rate: 1.39 msg/sec | Total: 142 messages
2026-05-05 18:25:34,592 - __main__ - INFO - Rate: 5.28 msg/sec | Total: 1003 messages
2026-05-05 18:25:34,978 - __main__ - INFO - Rate: 0.98 msg/sec | Total: 152 messages
2026-05-05 18:25:44,781 - __main__ - INFO - Rate: 7.46 msg/sec | Total: 1079 messages
2026-05-05 18:25:45,010 - __main__ - INFO - Rate: 1.40 msg/sec | Total: 166 messages
2026-05-05 18:25:54,951 - __main__ - INFO - Rate: 6.29 msg/sec | Total: 1143 messages
2026-05-05 18:25:55,108 - __main__ - INFO - Rate: 1.29 msg/sec | Total: 179 messages
2026-05-05 18:26:05,083 - __main__ - INFO - Rate: 7.01 msg/sec | Total: 1214 messages
2026-05-05 18:26:05,130 - __main__ - INFO - Rate: 2.00 msg/sec | Total: 199 messages
2026-05-05 18:26:15,199 - __main__ - INFO - Rate: 1.89 msg/sec | Total: 218 messages
2026-05-05 18:26:15,253 - __main__ - INFO - Rate: 6.29 msg/sec | Total: 1278 messages
2026-05-05 18:26:25,284 - __main__ - INFO - Rate: 2.78 msg/sec | Total: 246 messages
2026-05-05 18:26:25,293 - __main__ - INFO - Rate: 5.48 msg/sec | Total: 1333 messages
2026-05-05 18:26:35,305 - __main__ - INFO - Rate: 0.80 msg/sec | Total: 254 messages
2026-05-05 18:26:35,426 - __main__ - INFO - Rate: 5.63 msg/sec | Total: 1390 messages
2026-05-05 18:26:45,353 - __main__ - INFO - Rate: 0.70 msg/sec | Total: 261 messages
2026-05-05 18:26:45,476 - __main__ - INFO - Rate: 6.77 msg/sec | Total: 1458 messages
2026-05-05 18:26:55,374 - __main__ - INFO - Rate: 1.00 msg/sec | Total: 271 messages
2026-05-05 18:26:55,543 - __main__ - INFO - Rate: 4.97 msg/sec | Total: 1508 messages
2026-05-05 18:27:05,528 - __main__ - INFO - Rate: 1.67 msg/sec | Total: 288 messages
2026-05-05 18:27:05,620 - __main__ - INFO - Rate: 5.76 msg/sec | Total: 1566 messages
2026-05-05 18:27:15,591 - __main__ - INFO - Rate: 1.09 msg/sec | Total: 299 messages
2026-05-05 18:27:15,800 - __main__ - INFO - Rate: 6.58 msg/sec | Total: 1633 messages
2026-05-05 18:27:25,655 - __main__ - INFO - Rate: 0.60 msg/sec | Total: 305 messages
2026-05-05 18:27:25,864 - __main__ - INFO - Rate: 4.87 msg/sec | Total: 1682 messages
2026-05-05 18:27:35,657 - __main__ - INFO - Rate: 0.90 msg/sec | Total: 314 messages
2026-05-05 18:27:36,076 - __main__ - INFO - Rate: 6.17 msg/sec | Total: 1745 messages
2026-05-05 18:27:45,766 - __main__ - INFO - Rate: 0.99 msg/sec | Total: 324 messages
2026-05-05 18:27:46,257 - __main__ - INFO - Rate: 6.68 msg/sec | Total: 1813 messages
2026-05-05 18:27:55,812 - __main__ - INFO - Rate: 1.39 msg/sec | Total: 338 messages
2026-05-05 18:27:56,394 - __main__ - INFO - Rate: 7.50 msg/sec | Total: 1889 messages
2026-05-05 18:28:05,845 - __main__ - INFO - Rate: 1.30 msg/sec | Total: 351 messages
2026-05-05 18:28:06,554 - __main__ - INFO - Rate: 6.20 msg/sec | Total: 1952 messages
2026-05-05 18:28:15,968 - __main__ - INFO - Rate: 1.58 msg/sec | Total: 367 messages
2026-05-05 18:28:16,560 - __main__ - INFO - Rate: 6.80 msg/sec | Total: 2020 messages
2026-05-05 18:28:26,160 - __main__ - INFO - Rate: 1.18 msg/sec | Total: 379 messages
2026-05-05 18:28:26,577 - __main__ - INFO - Rate: 6.59 msg/sec | Total: 2086 messages
2026-05-05 18:28:36,305 - __main__ - INFO - Rate: 1.87 msg/sec | Total: 398 messages
2026-05-05 18:28:36,656 - __main__ - INFO - Rate: 7.04 msg/sec | Total: 2157 messages
2026-05-05 18:28:46,316 - __main__ - INFO - Rate: 1.50 msg/sec | Total: 413 messages
2026-05-05 18:28:46,761 - __main__ - INFO - Rate: 7.62 msg/sec | Total: 2234 messages
2026-05-05 18:28:56,352 - __main__ - INFO - Rate: 1.10 msg/sec | Total: 424 messages
2026-05-05 18:28:56,855 - __main__ - INFO - Rate: 7.43 msg/sec | Total: 2309 messages
2026-05-05 18:29:06,435 - __main__ - INFO - Rate: 1.09 msg/sec | Total: 435 messages
2026-05-05 18:29:07,058 - __main__ - INFO - Rate: 6.66 msg/sec | Total: 2377 messages
2026-05-05 18:29:16,585 - __main__ - INFO - Rate: 0.79 msg/sec | Total: 443 messages
2026-05-05 18:29:17,059 - __main__ - INFO - Rate: 6.80 msg/sec | Total: 2445 messages
2026-05-05 18:29:26,684 - __main__ - INFO - Rate: 1.39 msg/sec | Total: 457 messages
2026-05-05 18:29:27,091 - __main__ - INFO - Rate: 6.18 msg/sec | Total: 2507 messages
2026-05-05 18:29:36,822 - __main__ - INFO - Rate: 0.69 msg/sec | Total: 464 messages
2026-05-05 18:29:37,123 - __main__ - INFO - Rate: 6.08 msg/sec | Total: 2568 messages
2026-05-05 18:29:46,913 - __main__ - INFO - Rate: 0.89 msg/sec | Total: 473 messages
2026-05-05 18:29:47,125 - __main__ - INFO - Rate: 6.70 msg/sec | Total: 2635 messages
2026-05-05 18:29:56,984 - __main__ - INFO - Rate: 0.99 msg/sec | Total: 483 messages
2026-05-05 18:29:57,126 - __main__ - INFO - Rate: 6.80 msg/sec | Total: 2703 messages
2026-05-05 18:30:07,155 - __main__ - INFO - Rate: 5.38 msg/sec | Total: 2757 messages
2026-05-05 18:30:07,158 - __main__ - INFO - Rate: 0.98 msg/sec | Total: 493 messages
2026-05-05 18:30:17,225 - __main__ - INFO - Rate: 0.79 msg/sec | Total: 501 messages
2026-05-05 18:30:17,257 - __main__ - INFO - Rate: 7.03 msg/sec | Total: 2828 messages
2026-05-05 18:30:27,346 - __main__ - INFO - Rate: 1.68 msg/sec | Total: 518 messages
2026-05-05 18:30:27,453 - __main__ - INFO - Rate: 9.32 msg/sec | Total: 2923 messages
2026-05-05 18:30:37,473 - __main__ - INFO - Rate: 1.28 msg/sec | Total: 531 messages
2026-05-05 18:30:37,573 - __main__ - INFO - Rate: 5.93 msg/sec | Total: 2983 messages
2026-05-05 18:30:47,603 - __main__ - INFO - Rate: 1.48 msg/sec | Total: 546 messages
2026-05-05 18:30:47,691 - __main__ - INFO - Rate: 6.23 msg/sec | Total: 3046 messages
2026-05-05 18:30:57,719 - __main__ - INFO - Rate: 0.99 msg/sec | Total: 556 messages
2026-05-05 18:30:57,829 - __main__ - INFO - Rate: 6.31 msg/sec | Total: 3110 messages
2026-05-05 18:31:07,808 - __main__ - INFO - Rate: 1.39 msg/sec | Total: 570 messages
2026-05-05 18:31:07,879 - __main__ - INFO - Rate: 6.67 msg/sec | Total: 3177 messages
2026-05-05 18:31:17,882 - __main__ - INFO - Rate: 1.69 msg/sec | Total: 587 messages
2026-05-05 18:31:17,896 - __main__ - INFO - Rate: 6.99 msg/sec | Total: 3247 messages
2026-05-05 18:31:27,904 - __main__ - INFO - Rate: 1.40 msg/sec | Total: 601 messages
2026-05-05 18:31:27,946 - __main__ - INFO - Rate: 5.77 msg/sec | Total: 3305 messages
2026-05-05 18:31:37,954 - __main__ - INFO - Rate: 1.09 msg/sec | Total: 612 messages
2026-05-05 18:31:37,994 - __main__ - INFO - Rate: 5.87 msg/sec | Total: 3364 messages
2026-05-05 18:31:48,082 - __main__ - INFO - Rate: 6.84 msg/sec | Total: 3433 messages
2026-05-05 18:31:48,152 - __main__ - INFO - Rate: 0.78 msg/sec | Total: 620 messages
2026-05-05 18:31:58,124 - __main__ - INFO - Rate: 7.37 msg/sec | Total: 3507 messages
2026-05-05 18:31:58,173 - __main__ - INFO - Rate: 0.60 msg/sec | Total: 626 messages
2026-05-05 18:32:08,190 - __main__ - INFO - Rate: 1.00 msg/sec | Total: 636 messages
2026-05-05 18:32:08,251 - __main__ - INFO - Rate: 5.43 msg/sec | Total: 3562 messages
2026-05-05 18:32:18,210 - __main__ - INFO - Rate: 0.90 msg/sec | Total: 645 messages
2026-05-05 18:32:18,256 - __main__ - INFO - Rate: 7.40 msg/sec | Total: 3636 messages
2026-05-05 18:32:28,305 - __main__ - INFO - Rate: 6.27 msg/sec | Total: 3699 messages
2026-05-05 18:32:28,309 - __main__ - INFO - Rate: 0.79 msg/sec | Total: 653 messages
2026-05-05 18:32:38,354 - __main__ - INFO - Rate: 6.87 msg/sec | Total: 3768 messages
2026-05-05 18:32:38,414 - __main__ - INFO - Rate: 1.19 msg/sec | Total: 665 messages
2026-05-05 18:32:48,375 - __main__ - INFO - Rate: 6.69 msg/sec | Total: 3835 messages
2026-05-05 18:32:48,511 - __main__ - INFO - Rate: 0.59 msg/sec | Total: 671 messages
2026-05-05 18:32:58,577 - __main__ - INFO - Rate: 6.37 msg/sec | Total: 3900 messages
2026-05-05 18:32:58,714 - __main__ - INFO - Rate: 1.18 msg/sec | Total: 683 messages
2026-05-05 18:33:08,637 - __main__ - INFO - Rate: 6.96 msg/sec | Total: 3970 messages
2026-05-05 18:33:08,886 - __main__ - INFO - Rate: 0.69 msg/sec | Total: 690 messages
2026-05-05 18:33:18,650 - __main__ - INFO - Rate: 6.59 msg/sec | Total: 4036 messages
2026-05-05 18:33:19,011 - __main__ - INFO - Rate: 0.69 msg/sec | Total: 697 messages
2026-05-05 18:33:28,775 - __main__ - INFO - Rate: 6.62 msg/sec | Total: 4103 messages
2026-05-05 18:33:29,153 - __main__ - INFO - Rate: 1.08 msg/sec | Total: 708 messages
2026-05-05 18:33:38,793 - __main__ - INFO - Rate: 6.79 msg/sec | Total: 4171 messages
2026-05-05 18:33:39,358 - __main__ - INFO - Rate: 0.88 msg/sec | Total: 717 messages
2026-05-05 18:33:48,904 - __main__ - INFO - Rate: 5.93 msg/sec | Total: 4231 messages
2026-05-05 18:33:49,464 - __main__ - INFO - Rate: 0.79 msg/sec | Total: 725 messages
2026-05-05 18:33:58,980 - __main__ - INFO - Rate: 8.24 msg/sec | Total: 4314 messages
2026-05-05 18:33:59,511 - __main__ - INFO - Rate: 0.90 msg/sec | Total: 734 messages
2026-05-05 18:34:09,000 - __main__ - INFO - Rate: 7.19 msg/sec | Total: 4386 messages
2026-05-05 18:34:09,592 - __main__ - INFO - Rate: 1.19 msg/sec | Total: 746 messages
2026-05-05 18:34:19,092 - __main__ - INFO - Rate: 6.64 msg/sec | Total: 4453 messages
2026-05-05 18:34:19,748 - __main__ - INFO - Rate: 1.58 msg/sec | Total: 762 messages
2026-05-05 18:34:29,187 - __main__ - INFO - Rate: 6.44 msg/sec | Total: 4518 messages
2026-05-05 18:34:29,842 - __main__ - INFO - Rate: 1.59 msg/sec | Total: 778 messages
2026-05-05 18:34:39,372 - __main__ - INFO - Rate: 6.58 msg/sec | Total: 4585 messages
2026-05-05 18:34:39,982 - __main__ - INFO - Rate: 1.48 msg/sec | Total: 793 messages
2026-05-05 18:34:49,435 - __main__ - INFO - Rate: 6.66 msg/sec | Total: 4652 messages
2026-05-05 18:34:50,154 - __main__ - INFO - Rate: 1.08 msg/sec | Total: 804 messages
2026-05-05 18:34:59,624 - __main__ - INFO - Rate: 7.46 msg/sec | Total: 4728 messages
2026-05-05 18:35:00,264 - __main__ - INFO - Rate: 0.99 msg/sec | Total: 814 messages
2026-05-05 18:35:09,695 - __main__ - INFO - Rate: 7.45 msg/sec | Total: 4803 messages
2026-05-05 18:35:10,298 - __main__ - INFO - Rate: 1.79 msg/sec | Total: 832 messages
2026-05-05 18:35:19,751 - __main__ - INFO - Rate: 5.87 msg/sec | Total: 4862 messages
2026-05-05 18:35:20,389 - __main__ - INFO - Rate: 0.79 msg/sec | Total: 840 messages
2026-05-05 18:35:29,786 - __main__ - INFO - Rate: 7.57 msg/sec | Total: 4938 messages
2026-05-05 18:35:30,438 - __main__ - INFO - Rate: 0.60 msg/sec | Total: 846 messages
2026-05-05 18:35:39,804 - __main__ - INFO - Rate: 7.19 msg/sec | Total: 5010 messages
2026-05-05 18:35:40,570 - __main__ - INFO - Rate: 0.89 msg/sec | Total: 855 messages
2026-05-05 18:35:49,822 - __main__ - INFO - Rate: 7.29 msg/sec | Total: 5083 messages
2026-05-05 18:35:50,674 - __main__ - INFO - Rate: 1.19 msg/sec | Total: 867 messages
2026-05-05 18:35:59,907 - __main__ - INFO - Rate: 5.95 msg/sec | Total: 5143 messages
2026-05-05 18:36:00,690 - __main__ - INFO - Rate: 1.00 msg/sec | Total: 877 messages
2026-05-05 18:36:09,998 - __main__ - INFO - Rate: 6.44 msg/sec | Total: 5208 messages
2026-05-05 18:36:10,736 - __main__ - INFO - Rate: 0.90 msg/sec | Total: 886 messages
2026-05-05 18:36:20,015 - __main__ - INFO - Rate: 7.59 msg/sec | Total: 5284 messages
2026-05-05 18:36:20,739 - __main__ - INFO - Rate: 1.10 msg/sec | Total: 897 messages
2026-05-05 18:36:30,173 - __main__ - INFO - Rate: 6.79 msg/sec | Total: 5353 messages
2026-05-05 18:36:30,880 - __main__ - INFO - Rate: 0.89 msg/sec | Total: 906 messages
2026-05-05 18:36:40,178 - __main__ - INFO - Rate: 7.40 msg/sec | Total: 5427 messages
2026-05-05 18:36:41,037 - __main__ - INFO - Rate: 0.89 msg/sec | Total: 915 messages
2026-05-05 18:36:50,194 - __main__ - INFO - Rate: 6.59 msg/sec | Total: 5493 messages
2026-05-05 18:36:51,135 - __main__ - INFO - Rate: 1.49 msg/sec | Total: 930 messages
2026-05-05 18:37:00,213 - __main__ - INFO - Rate: 6.79 msg/sec | Total: 5561 messages
2026-05-05 18:37:01,242 - __main__ - INFO - Rate: 0.89 msg/sec | Total: 939 messages
2026-05-05 18:37:10,316 - __main__ - INFO - Rate: 6.14 msg/sec | Total: 5623 messages
2026-05-05 18:37:11,419 - __main__ - INFO - Rate: 0.59 msg/sec | Total: 945 messages
2026-05-05 18:37:20,413 - __main__ - INFO - Rate: 6.83 msg/sec | Total: 5692 messages
2026-05-05 18:37:21,551 - __main__ - INFO - Rate: 1.48 msg/sec | Total: 960 messages
2026-05-05 18:37:30,571 - __main__ - INFO - Rate: 6.20 msg/sec | Total: 5755 messages
2026-05-05 18:37:31,556 - __main__ - INFO - Rate: 1.00 msg/sec | Total: 970 messages
2026-05-05 18:37:40,624 - __main__ - INFO - Rate: 3.78 msg/sec | Total: 5793 messages
2026-05-05 18:37:41,719 - __main__ - INFO - Rate: 0.59 msg/sec | Total: 976 messages
2026-05-05 18:37:50,638 - __main__ - INFO - Rate: 6.69 msg/sec | Total: 5860 messages
2026-05-05 18:37:51,891 - __main__ - INFO - Rate: 0.79 msg/sec | Total: 984 messages
2026-05-05 18:38:00,648 - __main__ - INFO - Rate: 7.29 msg/sec | Total: 5933 messages
2026-05-05 18:38:02,089 - __main__ - INFO - Rate: 0.78 msg/sec | Total: 992 messages
2026-05-05 18:38:10,669 - __main__ - INFO - Rate: 5.29 msg/sec | Total: 5986 messages
2026-05-05 18:38:12,097 - __main__ - INFO - Rate: 0.80 msg/sec | Total: 1000 messages
2026-05-05 18:38:20,733 - __main__ - INFO - Rate: 6.16 msg/sec | Total: 6048 messages
2026-05-05 18:38:22,249 - __main__ - INFO - Rate: 2.46 msg/sec | Total: 1025 messages
2026-05-05 18:38:30,734 - __main__ - INFO - Rate: 5.60 msg/sec | Total: 6104 messages
2026-05-05 18:38:32,340 - __main__ - INFO - Rate: 1.29 msg/sec | Total: 1038 messages
2026-05-05 18:38:40,794 - __main__ - INFO - Rate: 4.87 msg/sec | Total: 6153 messages
2026-05-05 18:38:42,495 - __main__ - INFO - Rate: 1.48 msg/sec | Total: 1053 messages
2026-05-05 18:38:50,884 - __main__ - INFO - Rate: 5.25 msg/sec | Total: 6206 messages
2026-05-05 18:38:52,536 - __main__ - INFO - Rate: 1.00 msg/sec | Total: 1063 messages
2026-05-05 18:39:01,054 - __main__ - INFO - Rate: 5.70 msg/sec | Total: 6264 messages
2026-05-05 18:39:02,710 - __main__ - INFO - Rate: 1.08 msg/sec | Total: 1074 messages
2026-05-05 18:39:11,247 - __main__ - INFO - Rate: 5.30 msg/sec | Total: 6318 messages
2026-05-05 18:39:12,762 - __main__ - INFO - Rate: 0.60 msg/sec | Total: 1080 messages
2026-05-05 18:39:21,434 - __main__ - INFO - Rate: 5.20 msg/sec | Total: 6371 messages
2026-05-05 18:39:22,866 - __main__ - INFO - Rate: 1.19 msg/sec | Total: 1092 messages
2026-05-05 18:39:31,483 - __main__ - INFO - Rate: 6.37 msg/sec | Total: 6435 messages
2026-05-05 18:39:32,935 - __main__ - INFO - Rate: 1.09 msg/sec | Total: 1103 messages
2026-05-05 18:39:41,509 - __main__ - INFO - Rate: 5.39 msg/sec | Total: 6489 messages
2026-05-05 18:39:43,037 - __main__ - INFO - Rate: 0.89 msg/sec | Total: 1112 messages
2026-05-05 18:39:51,642 - __main__ - INFO - Rate: 6.02 msg/sec | Total: 6550 messages
2026-05-05 18:39:53,197 - __main__ - INFO - Rate: 0.98 msg/sec | Total: 1122 messages
2026-05-05 18:40:01,684 - __main__ - INFO - Rate: 6.07 msg/sec | Total: 6611 messages
2026-05-05 18:40:03,357 - __main__ - INFO - Rate: 1.18 msg/sec | Total: 1134 messages
2026-05-05 18:40:11,837 - __main__ - INFO - Rate: 6.11 msg/sec | Total: 6673 messages
2026-05-05 18:40:13,549 - __main__ - INFO - Rate: 1.47 msg/sec | Total: 1149 messages
2026-05-05 18:40:21,947 - __main__ - INFO - Rate: 5.24 msg/sec | Total: 6726 messages
2026-05-05 18:40:23,748 - __main__ - INFO - Rate: 1.18 msg/sec | Total: 1161 messages
2026-05-05 18:40:31,948 - __main__ - INFO - Rate: 6.10 msg/sec | Total: 6787 messages
2026-05-05 18:40:33,797 - __main__ - INFO - Rate: 0.90 msg/sec | Total: 1170 messages
2026-05-05 18:40:42,071 - __main__ - INFO - Rate: 6.32 msg/sec | Total: 6851 messages
2026-05-05 18:40:43,935 - __main__ - INFO - Rate: 0.79 msg/sec | Total: 1178 messages
2026-05-05 18:40:52,148 - __main__ - INFO - Rate: 6.95 msg/sec | Total: 6921 messages
2026-05-05 18:40:53,952 - __main__ - INFO - Rate: 1.40 msg/sec | Total: 1192 messages
2026-05-05 18:41:02,176 - __main__ - INFO - Rate: 6.58 msg/sec | Total: 6987 messages
2026-05-05 18:41:04,140 - __main__ - INFO - Rate: 0.59 msg/sec | Total: 1198 messages
2026-05-05 18:41:12,226 - __main__ - INFO - Rate: 8.16 msg/sec | Total: 7069 messages
2026-05-05 18:41:14,260 - __main__ - INFO - Rate: 0.40 msg/sec | Total: 1202 messages
2026-05-05 18:41:22,408 - __main__ - INFO - Rate: 7.46 msg/sec | Total: 7145 messages
2026-05-05 18:41:24,375 - __main__ - INFO - Rate: 1.19 msg/sec | Total: 1214 messages
2026-05-05 18:41:32,471 - __main__ - INFO - Rate: 6.76 msg/sec | Total: 7213 messages
2026-05-05 18:41:34,381 - __main__ - INFO - Rate: 1.00 msg/sec | Total: 1224 messages
2026-05-05 18:41:42,550 - __main__ - INFO - Rate: 5.66 msg/sec | Total: 7270 messages
2026-05-05 18:41:44,449 - __main__ - INFO - Rate: 0.89 msg/sec | Total: 1233 messages
2026-05-05 18:41:52,575 - __main__ - INFO - Rate: 7.88 msg/sec | Total: 7349 messages
2026-05-05 18:41:54,497 - __main__ - INFO - Rate: 1.29 msg/sec | Total: 1246 messages
2026-05-05 18:42:02,677 - __main__ - INFO - Rate: 5.64 msg/sec | Total: 7406 messages
2026-05-05 18:42:04,587 - __main__ - INFO - Rate: 0.69 msg/sec | Total: 1253 messages
2026-05-05 18:42:12,800 - __main__ - INFO - Rate: 6.62 msg/sec | Total: 7473 messages
2026-05-05 18:42:14,706 - __main__ - INFO - Rate: 1.28 msg/sec | Total: 1266 messages
2026-05-05 18:42:22,863 - __main__ - INFO - Rate: 6.96 msg/sec | Total: 7543 messages
2026-05-05 18:42:24,880 - __main__ - INFO - Rate: 1.08 msg/sec | Total: 1277 messages
2026-05-05 18:42:32,924 - __main__ - INFO - Rate: 7.06 msg/sec | Total: 7614 messages
2026-05-05 18:42:34,992 - __main__ - INFO - Rate: 0.89 msg/sec | Total: 1286 messages
2026-05-05 18:42:42,940 - __main__ - INFO - Rate: 7.89 msg/sec | Total: 7693 messages
2026-05-05 18:42:45,145 - __main__ - INFO - Rate: 0.79 msg/sec | Total: 1294 messages
2026-05-05 18:42:53,001 - __main__ - INFO - Rate: 6.56 msg/sec | Total: 7759 messages
2026-05-05 18:42:55,233 - __main__ - INFO - Rate: 1.29 msg/sec | Total: 1307 messages
2026-05-05 18:43:24,130 - __main__ - INFO - Skipping POSIX signal handlers (not running on main thread, e.g. Streamlit)
2026-05-05 18:43:24,130 - __main__ - INFO - ============================================================
2026-05-05 18:43:24,130 - __main__ - INFO - HiveMQ Service Starting (Dual-Broker mode)
2026-05-05 18:43:24,130 - __main__ - INFO - ============================================================
2026-05-05 18:43:24,143 - database - INFO - Database initialised at mqtt_data.db
2026-05-05 18:43:24,144 - database - INFO - Database initialised at mqtt_data.db
2026-05-05 18:43:24,240 - __main__ - INFO - Database initialised (shared schema) at mqtt_data.db
2026-05-05 18:43:24,240 - __main__ - INFO - Database worker thread started
2026-05-05 18:43:24,277 - __main__ - INFO - TLS enabled for secure connection
2026-05-05 18:43:24,277 - __main__ - INFO - Connecting to broker Broker-2 at newflo-789c1e1b.a03.euc1.aws.hivemq.cloud:8883
2026-05-05 18:43:24,281 - __main__ - INFO - Database initialised (shared schema) at mqtt_data.db
2026-05-05 18:43:24,281 - __main__ - INFO - Database worker thread started
2026-05-05 18:43:24,310 - __main__ - INFO - TLS enabled for secure connection
2026-05-05 18:43:24,311 - __main__ - INFO - Connecting to broker HiveMQ-Cloud at b9ff4eeb544e4ac18142a019bc399b43.s2.eu.hivemq.cloud:8883
2026-05-05 18:43:24,530 - __main__ - INFO - Skipping POSIX signal handlers (not running on main thread, e.g. Streamlit)
2026-05-05 18:43:24,530 - __main__ - INFO - ============================================================
2026-05-05 18:43:24,530 - __main__ - INFO - HiveMQ Service Starting (Dual-Broker mode)
2026-05-05 18:43:24,531 - __main__ - INFO - ============================================================
2026-05-05 18:43:24,541 - database - INFO - Database initialised at mqtt_data.db
2026-05-05 18:43:24,542 - database - INFO - Database initialised at mqtt_data.db
2026-05-05 18:43:24,653 - __main__ - INFO - Database initialised (shared schema) at mqtt_data.db
2026-05-05 18:43:24,654 - __main__ - INFO - Database worker thread started
2026-05-05 18:43:24,730 - __main__ - INFO - TLS enabled for secure connection
2026-05-05 18:43:24,730 - __main__ - INFO - Connecting to broker Broker-2 at newflo-789c1e1b.a03.euc1.aws.hivemq.cloud:8883
2026-05-05 18:43:24,738 - __main__ - INFO - Database initialised (shared schema) at mqtt_data.db
2026-05-05 18:43:24,740 - __main__ - INFO - Database worker thread started
2026-05-05 18:43:24,819 - __main__ - INFO - TLS enabled for secure connection
2026-05-05 18:43:24,819 - __main__ - INFO - Connecting to broker HiveMQ-Cloud at b9ff4eeb544e4ac18142a019bc399b43.s2.eu.hivemq.cloud:8883
2026-05-05 18:43:24,860 - __main__ - INFO - Starting MQTT loop...
2026-05-05 18:43:24,884 - __main__ - INFO - Starting MQTT loop...
2026-05-05 18:43:25,052 - __main__ - INFO - Connected successfully to broker (HiveMQ-Cloud)
2026-05-05 18:43:25,052 - __main__ - INFO - Subscribed to topic: #
2026-05-05 18:43:25,140 - __main__ - INFO - Starting MQTT loop...
2026-05-05 18:43:25,207 - __main__ - INFO - Subscription confirmed with QoS: [ReasonCode(Suback, 'Granted QoS 1')]
2026-05-05 18:43:25,299 - __main__ - INFO - Starting MQTT loop...
2026-05-05 18:43:25,351 - __main__ - INFO - Connected successfully to broker (Broker-2)
2026-05-05 18:43:25,352 - __main__ - INFO - Subscribed to topic: #
2026-05-05 18:43:25,459 - __main__ - ERROR - Error starting service: HiveMQService.on_disconnect() takes from 4 to 5 positional arguments but 6 were given
2026-05-05 18:43:25,460 - __main__ - INFO - Stopping HiveMQ service...
2026-05-05 18:43:25,461 - __main__ - INFO - MQTT client stopped successfully
2026-05-05 18:43:25,461 - __main__ - INFO - Waiting for database worker to finish...
2026-05-05 18:43:25,464 - __main__ - INFO - Connected successfully to broker (HiveMQ-Cloud)
2026-05-05 18:43:25,464 - __main__ - INFO - Subscribed to topic: #
2026-05-05 18:43:25,573 - __main__ - INFO - Subscription confirmed with QoS: [ReasonCode(Suback, 'Granted QoS 1')]
2026-05-05 18:43:25,610 - __main__ - INFO - Connected successfully to broker (Broker-2)
2026-05-05 18:43:25,610 - __main__ - INFO - Subscribed to topic: #
2026-05-05 18:43:25,617 - __main__ - ERROR - Error starting service: HiveMQService.on_disconnect() takes from 4 to 5 positional arguments but 6 were given
2026-05-05 18:43:25,618 - __main__ - INFO - Stopping HiveMQ service...
2026-05-05 18:43:25,618 - __main__ - INFO - MQTT client stopped successfully
2026-05-05 18:43:25,618 - __main__ - INFO - Waiting for database worker to finish...
2026-05-05 18:43:25,624 - __main__ - INFO - Subscription confirmed with QoS: [ReasonCode(Suback, 'Granted QoS 1')]
2026-05-05 18:43:25,667 - __main__ - INFO - Database worker stopped. Total messages stored: 1
2026-05-05 18:43:25,667 - __main__ - INFO - HiveMQ service stopped
2026-05-05 18:43:25,668 - __main__ - ERROR - Fatal error for HiveMQ-Cloud: HiveMQService.on_disconnect() takes from 4 to 5 positional arguments but 6 were given
2026-05-05 18:43:25,753 - __main__ - INFO - Database worker stopped. Total messages stored: 0
2026-05-05 18:43:25,754 - __main__ - INFO - HiveMQ service stopped
2026-05-05 18:43:25,755 - __main__ - ERROR - Fatal error for Broker-2: HiveMQService.on_disconnect() takes from 4 to 5 positional arguments but 6 were given
2026-05-05 18:43:25,819 - __main__ - INFO - Subscription confirmed with QoS: [ReasonCode(Suback, 'Granted QoS 1')]
2026-05-05 18:43:34,556 - __main__ - INFO - Rate: 5.99 msg/sec | Total: 60 messages
2026-05-05 18:43:34,610 - __main__ - INFO - Rate: 0.50 msg/sec | Total: 5 messages
2026-05-05 18:43:44,614 - __main__ - INFO - Rate: 5.47 msg/sec | Total: 115 messages
2026-05-05 18:43:44,754 - __main__ - INFO - Rate: 0.69 msg/sec | Total: 12 messages
2026-05-05 18:43:54,693 - __main__ - INFO - Rate: 6.45 msg/sec | Total: 180 messages
2026-05-05 18:43:54,913 - __main__ - INFO - Rate: 0.98 msg/sec | Total: 22 messages
2026-05-05 18:44:04,801 - __main__ - INFO - Rate: 5.94 msg/sec | Total: 240 messages
2026-05-05 18:44:05,068 - __main__ - INFO - Rate: 0.98 msg/sec | Total: 32 messages
2026-05-05 18:44:14,814 - __main__ - INFO - Rate: 7.19 msg/sec | Total: 312 messages
2026-05-05 18:44:15,178 - __main__ - INFO - Rate: 0.49 msg/sec | Total: 37 messages
2026-05-05 18:44:24,940 - __main__ - INFO - Rate: 6.02 msg/sec | Total: 373 messages
2026-05-05 18:44:25,374 - __main__ - INFO - Rate: 0.88 msg/sec | Total: 46 messages
2026-05-05 18:44:35,123 - __main__ - INFO - Rate: 7.07 msg/sec | Total: 445 messages
2026-05-05 18:44:35,409 - __main__ - INFO - Rate: 0.60 msg/sec | Total: 52 messages
2026-05-05 18:44:45,272 - __main__ - INFO - Rate: 5.91 msg/sec | Total: 505 messages
2026-05-05 18:44:45,457 - __main__ - INFO - Rate: 1.09 msg/sec | Total: 63 messages
2026-05-05 18:44:55,340 - __main__ - INFO - Rate: 6.56 msg/sec | Total: 571 messages
2026-05-05 18:44:55,478 - __main__ - INFO - Rate: 1.80 msg/sec | Total: 81 messages
2026-05-05 18:45:05,489 - __main__ - INFO - Rate: 5.91 msg/sec | Total: 631 messages
2026-05-05 18:45:05,586 - __main__ - INFO - Rate: 1.39 msg/sec | Total: 95 messages
2026-05-05 18:45:15,509 - __main__ - INFO - Rate: 5.89 msg/sec | Total: 690 messages
2026-05-05 18:45:15,647 - __main__ - INFO - Rate: 0.80 msg/sec | Total: 103 messages
2026-05-05 18:45:25,624 - __main__ - INFO - Rate: 6.72 msg/sec | Total: 758 messages
2026-05-05 18:45:25,654 - __main__ - INFO - Rate: 1.10 msg/sec | Total: 114 messages
2026-05-05 18:45:35,633 - __main__ - INFO - Rate: 7.79 msg/sec | Total: 836 messages
2026-05-05 18:45:35,674 - __main__ - INFO - Rate: 1.50 msg/sec | Total: 129 messages
2026-05-05 18:45:45,735 - __main__ - INFO - Rate: 6.04 msg/sec | Total: 897 messages
2026-05-05 18:45:45,739 - __main__ - INFO - Rate: 0.79 msg/sec | Total: 137 messages
2026-05-05 18:45:55,745 - __main__ - INFO - Rate: 0.90 msg/sec | Total: 146 messages
2026-05-05 18:45:55,900 - __main__ - INFO - Rate: 6.30 msg/sec | Total: 961 messages
2026-05-05 18:46:05,839 - __main__ - INFO - Rate: 0.99 msg/sec | Total: 156 messages
2026-05-05 18:46:05,963 - __main__ - INFO - Rate: 6.76 msg/sec | Total: 1029 messages
2026-05-05 18:46:15,890 - __main__ - INFO - Rate: 1.19 msg/sec | Total: 168 messages
2026-05-05 18:46:16,064 - __main__ - INFO - Rate: 5.45 msg/sec | Total: 1084 messages
2026-05-05 18:46:25,981 - __main__ - INFO - Rate: 0.89 msg/sec | Total: 177 messages
2026-05-05 18:46:26,201 - __main__ - INFO - Rate: 6.31 msg/sec | Total: 1148 messages
2026-05-05 18:46:36,126 - __main__ - INFO - Rate: 1.18 msg/sec | Total: 189 messages
2026-05-05 18:46:36,238 - __main__ - INFO - Rate: 5.78 msg/sec | Total: 1206 messages
2026-05-05 18:46:46,227 - __main__ - INFO - Rate: 0.79 msg/sec | Total: 197 messages
2026-05-05 18:46:46,243 - __main__ - INFO - Rate: 5.30 msg/sec | Total: 1259 messages
2026-05-05 18:46:56,325 - __main__ - INFO - Rate: 6.55 msg/sec | Total: 1325 messages
2026-05-05 18:46:56,374 - __main__ - INFO - Rate: 0.69 msg/sec | Total: 204 messages
2026-05-05 18:47:06,475 - __main__ - INFO - Rate: 8.57 msg/sec | Total: 1412 messages
2026-05-05 18:47:06,497 - __main__ - INFO - Rate: 0.79 msg/sec | Total: 212 messages
2026-05-05 18:47:16,534 - __main__ - INFO - Rate: 6.76 msg/sec | Total: 1480 messages
2026-05-05 18:47:16,569 - __main__ - INFO - Rate: 1.09 msg/sec | Total: 223 messages
2026-05-05 18:47:26,611 - __main__ - INFO - Rate: 6.65 msg/sec | Total: 1547 messages
2026-05-05 18:47:26,715 - __main__ - INFO - Rate: 1.08 msg/sec | Total: 234 messages
2026-05-05 18:47:36,614 - __main__ - INFO - Rate: 6.10 msg/sec | Total: 1608 messages
2026-05-05 18:47:36,901 - __main__ - INFO - Rate: 1.57 msg/sec | Total: 250 messages
2026-05-05 18:47:46,732 - __main__ - INFO - Rate: 6.52 msg/sec | Total: 1674 messages
2026-05-05 18:47:46,942 - __main__ - INFO - Rate: 0.80 msg/sec | Total: 258 messages
2026-05-05 18:47:56,872 - __main__ - INFO - Rate: 6.21 msg/sec | Total: 1737 messages
2026-05-05 18:47:57,044 - __main__ - INFO - Rate: 1.88 msg/sec | Total: 277 messages
2026-05-05 18:48:06,905 - __main__ - INFO - Rate: 5.88 msg/sec | Total: 1796 messages
2026-05-05 18:48:07,070 - __main__ - INFO - Rate: 0.60 msg/sec | Total: 283 messages
2026-05-05 18:48:17,089 - __main__ - INFO - Rate: 5.79 msg/sec | Total: 1855 messages
2026-05-05 18:48:17,273 - __main__ - INFO - Rate: 1.18 msg/sec | Total: 295 messages
2026-05-05 18:48:27,237 - __main__ - INFO - Rate: 6.70 msg/sec | Total: 1923 messages
2026-05-05 18:48:27,362 - __main__ - INFO - Rate: 1.09 msg/sec | Total: 306 messages
2026-05-05 18:48:37,337 - __main__ - INFO - Rate: 6.93 msg/sec | Total: 1993 messages
2026-05-05 18:48:37,401 - __main__ - INFO - Rate: 1.00 msg/sec | Total: 316 messages
2026-05-05 18:48:47,413 - __main__ - INFO - Rate: 6.25 msg/sec | Total: 2056 messages
2026-05-05 18:48:47,538 - __main__ - INFO - Rate: 1.38 msg/sec | Total: 330 messages
2026-05-05 18:48:57,432 - __main__ - INFO - Rate: 6.19 msg/sec | Total: 2118 messages
2026-05-05 18:48:57,643 - __main__ - INFO - Rate: 0.89 msg/sec | Total: 339 messages
2026-05-05 18:49:07,451 - __main__ - INFO - Rate: 6.19 msg/sec | Total: 2180 messages
2026-05-05 18:49:07,686 - __main__ - INFO - Rate: 0.80 msg/sec | Total: 347 messages
2026-05-05 18:49:17,524 - __main__ - INFO - Rate: 7.45 msg/sec | Total: 2255 messages
2026-05-05 18:49:17,722 - __main__ - INFO - Rate: 1.10 msg/sec | Total: 358 messages
2026-05-05 18:49:27,611 - __main__ - INFO - Rate: 6.74 msg/sec | Total: 2323 messages
2026-05-05 18:49:27,813 - __main__ - INFO - Rate: 0.89 msg/sec | Total: 367 messages
2026-05-05 18:49:37,660 - __main__ - INFO - Rate: 8.86 msg/sec | Total: 2412 messages
2026-05-05 18:49:37,843 - __main__ - INFO - Rate: 0.80 msg/sec | Total: 375 messages
2026-05-05 18:49:47,779 - __main__ - INFO - Rate: 7.51 msg/sec | Total: 2488 messages
2026-05-05 18:49:47,847 - __main__ - INFO - Rate: 1.40 msg/sec | Total: 389 messages
2026-05-05 18:49:57,817 - __main__ - INFO - Rate: 7.17 msg/sec | Total: 2560 messages
2026-05-05 18:49:57,851 - __main__ - INFO - Rate: 1.40 msg/sec | Total: 403 messages
2026-05-05 18:50:07,899 - __main__ - INFO - Rate: 1.00 msg/sec | Total: 413 messages
2026-05-05 18:50:07,967 - __main__ - INFO - Rate: 7.19 msg/sec | Total: 2633 messages
2026-05-05 18:50:18,027 - __main__ - INFO - Rate: 0.69 msg/sec | Total: 420 messages
2026-05-05 18:50:18,135 - __main__ - INFO - Rate: 5.61 msg/sec | Total: 2690 messages
2026-05-05 18:50:28,171 - __main__ - INFO - Rate: 0.99 msg/sec | Total: 430 messages
2026-05-05 18:50:28,263 - __main__ - INFO - Rate: 5.83 msg/sec | Total: 2749 messages
2026-05-05 18:50:38,348 - __main__ - INFO - Rate: 0.98 msg/sec | Total: 440 messages
2026-05-05 18:50:38,426 - __main__ - INFO - Rate: 6.10 msg/sec | Total: 2811 messages
2026-05-05 18:50:48,423 - __main__ - INFO - Rate: 1.09 msg/sec | Total: 451 messages
2026-05-05 18:50:48,602 - __main__ - INFO - Rate: 7.67 msg/sec | Total: 2889 messages
2026-05-05 18:50:58,561 - __main__ - INFO - Rate: 0.89 msg/sec | Total: 460 messages
2026-05-05 18:50:58,677 - __main__ - INFO - Rate: 7.05 msg/sec | Total: 2960 messages
2026-05-05 18:51:08,728 - __main__ - INFO - Rate: 1.48 msg/sec | Total: 475 messages
2026-05-05 18:51:08,799 - __main__ - INFO - Rate: 6.72 msg/sec | Total: 3028 messages
2026-05-05 18:51:18,807 - __main__ - INFO - Rate: 6.20 msg/sec | Total: 3090 messages
2026-05-05 18:51:18,867 - __main__ - INFO - Rate: 0.89 msg/sec | Total: 484 messages
2026-05-05 18:51:28,871 - __main__ - INFO - Rate: 5.37 msg/sec | Total: 3144 messages
2026-05-05 18:51:29,050 - __main__ - INFO - Rate: 0.98 msg/sec | Total: 494 messages
2026-05-05 18:51:38,961 - __main__ - INFO - Rate: 7.93 msg/sec | Total: 3224 messages
2026-05-05 18:51:39,153 - __main__ - INFO - Rate: 0.89 msg/sec | Total: 503 messages
2026-05-05 18:51:49,037 - __main__ - INFO - Rate: 6.45 msg/sec | Total: 3289 messages
2026-05-05 18:51:49,189 - __main__ - INFO - Rate: 1.30 msg/sec | Total: 516 messages
2026-05-05 18:51:59,096 - __main__ - INFO - Rate: 5.67 msg/sec | Total: 3346 messages
2026-05-05 18:51:59,268 - __main__ - INFO - Rate: 0.99 msg/sec | Total: 526 messages
2026-05-05 18:52:09,130 - __main__ - INFO - Rate: 5.48 msg/sec | Total: 3401 messages
2026-05-05 18:52:09,468 - __main__ - INFO - Rate: 0.78 msg/sec | Total: 534 messages
2026-05-05 18:52:19,213 - __main__ - INFO - Rate: 5.26 msg/sec | Total: 3454 messages
2026-05-05 18:52:19,602 - __main__ - INFO - Rate: 1.18 msg/sec | Total: 546 messages
2026-05-05 18:52:29,277 - __main__ - INFO - Rate: 5.76 msg/sec | Total: 3512 messages
2026-05-05 18:52:29,603 - __main__ - INFO - Rate: 0.50 msg/sec | Total: 551 messages
2026-05-05 18:52:39,385 - __main__ - INFO - Rate: 6.13 msg/sec | Total: 3574 messages
2026-05-05 18:52:39,809 - __main__ - INFO - Rate: 1.18 msg/sec | Total: 563 messages
2026-05-05 18:52:49,418 - __main__ - INFO - Rate: 5.58 msg/sec | Total: 3630 messages
2026-05-05 18:52:49,925 - __main__ - INFO - Rate: 0.99 msg/sec | Total: 573 messages
2026-05-05 18:52:59,476 - __main__ - INFO - Rate: 5.87 msg/sec | Total: 3689 messages
2026-05-05 18:53:00,102 - __main__ - INFO - Rate: 0.88 msg/sec | Total: 582 messages
2026-05-05 18:53:09,603 - __main__ - INFO - Rate: 5.73 msg/sec | Total: 3747 messages
2026-05-05 18:53:10,130 - __main__ - INFO - Rate: 1.20 msg/sec | Total: 594 messages
2026-05-05 18:53:19,703 - __main__ - INFO - Rate: 6.44 msg/sec | Total: 3812 messages
2026-05-05 18:53:20,241 - __main__ - INFO - Rate: 1.09 msg/sec | Total: 605 messages
2026-05-05 18:53:29,793 - __main__ - INFO - Rate: 5.55 msg/sec | Total: 3868 messages
2026-05-05 18:53:30,303 - __main__ - INFO - Rate: 1.19 msg/sec | Total: 617 messages
2026-05-05 18:53:39,800 - __main__ - INFO - Rate: 5.60 msg/sec | Total: 3924 messages
2026-05-05 18:53:40,310 - __main__ - INFO - Rate: 1.00 msg/sec | Total: 627 messages
2026-05-05 18:53:49,914 - __main__ - INFO - Rate: 5.73 msg/sec | Total: 3982 messages
2026-05-05 18:53:50,347 - __main__ - INFO - Rate: 1.30 msg/sec | Total: 640 messages
2026-05-05 18:53:59,974 - __main__ - INFO - Rate: 5.57 msg/sec | Total: 4038 messages
2026-05-05 18:54:00,511 - __main__ - INFO - Rate: 1.48 msg/sec | Total: 655 messages
2026-05-05 18:54:10,055 - __main__ - INFO - Rate: 5.85 msg/sec | Total: 4097 messages
2026-05-05 18:54:10,655 - __main__ - INFO - Rate: 1.28 msg/sec | Total: 668 messages
2026-05-05 18:54:20,093 - __main__ - INFO - Rate: 5.28 msg/sec | Total: 4150 messages
2026-05-05 18:54:20,745 - __main__ - INFO - Rate: 0.79 msg/sec | Total: 676 messages
2026-05-05 18:54:30,179 - __main__ - INFO - Rate: 5.85 msg/sec | Total: 4209 messages
2026-05-05 18:54:30,920 - __main__ - INFO - Rate: 0.88 msg/sec | Total: 685 messages
2026-05-05 18:54:40,221 - __main__ - INFO - Rate: 5.78 msg/sec | Total: 4267 messages
2026-05-05 18:54:41,071 - __main__ - INFO - Rate: 0.59 msg/sec | Total: 691 messages
2026-05-05 18:54:50,228 - __main__ - INFO - Rate: 5.10 msg/sec | Total: 4318 messages
2026-05-05 18:54:51,201 - __main__ - INFO - Rate: 0.20 msg/sec | Total: 693 messages
2026-05-05 18:55:00,232 - __main__ - INFO - Rate: 6.00 msg/sec | Total: 4378 messages
2026-05-05 18:55:01,276 - __main__ - INFO - Rate: 0.30 msg/sec | Total: 696 messages
2026-05-05 18:55:10,368 - __main__ - INFO - Rate: 7.89 msg/sec | Total: 4458 messages
2026-05-05 18:55:11,336 - __main__ - INFO - Rate: 0.30 msg/sec | Total: 699 messages
2026-05-05 18:55:20,470 - __main__ - INFO - Rate: 6.93 msg/sec | Total: 4528 messages
2026-05-05 18:55:21,504 - __main__ - INFO - Rate: 0.39 msg/sec | Total: 703 messages
2026-05-05 18:55:30,678 - __main__ - INFO - Rate: 7.84 msg/sec | Total: 4608 messages
2026-05-05 18:55:31,524 - __main__ - INFO - Rate: 0.70 msg/sec | Total: 710 messages
2026-05-05 18:55:40,758 - __main__ - INFO - Rate: 7.04 msg/sec | Total: 4679 messages
2026-05-05 18:55:41,690 - __main__ - INFO - Rate: 0.98 msg/sec | Total: 720 messages
2026-05-05 18:55:50,778 - __main__ - INFO - Rate: 6.49 msg/sec | Total: 4744 messages
2026-05-05 18:55:51,852 - __main__ - INFO - Rate: 0.30 msg/sec | Total: 723 messages
2026-05-05 18:56:00,837 - __main__ - INFO - Rate: 6.26 msg/sec | Total: 4807 messages
2026-05-05 18:56:01,906 - __main__ - INFO - Rate: 0.20 msg/sec | Total: 725 messages
2026-05-05 18:56:10,942 - __main__ - INFO - Rate: 6.53 msg/sec | Total: 4873 messages
2026-05-05 18:56:12,101 - __main__ - INFO - Rate: 0.29 msg/sec | Total: 728 messages
2026-05-05 18:56:21,020 - __main__ - INFO - Rate: 6.15 msg/sec | Total: 4935 messages
2026-05-05 18:56:22,191 - __main__ - INFO - Rate: 0.50 msg/sec | Total: 733 messages
2026-05-05 18:56:31,141 - __main__ - INFO - Rate: 6.22 msg/sec | Total: 4998 messages
2026-05-05 18:56:32,335 - __main__ - INFO - Rate: 0.69 msg/sec | Total: 740 messages
2026-05-05 18:56:41,268 - __main__ - INFO - Rate: 5.33 msg/sec | Total: 5052 messages
2026-05-05 18:56:42,496 - __main__ - INFO - Rate: 0.20 msg/sec | Total: 742 messages
2026-05-05 18:56:51,270 - __main__ - INFO - Rate: 6.50 msg/sec | Total: 5117 messages
2026-05-05 18:56:52,542 - __main__ - INFO - Rate: 0.20 msg/sec | Total: 744 messages
2026-05-05 18:57:01,374 - __main__ - INFO - Rate: 5.54 msg/sec | Total: 5173 messages
2026-05-05 18:57:02,673 - __main__ - INFO - Rate: 0.39 msg/sec | Total: 748 messages
2026-05-05 18:57:11,398 - __main__ - INFO - Rate: 6.78 msg/sec | Total: 5241 messages
2026-05-05 18:57:12,804 - __main__ - INFO - Rate: 0.39 msg/sec | Total: 752 messages
2026-05-05 18:57:21,504 - __main__ - INFO - Rate: 5.94 msg/sec | Total: 5301 messages
2026-05-05 18:57:22,868 - __main__ - INFO - Rate: 0.50 msg/sec | Total: 757 messages
2026-05-05 18:57:31,599 - __main__ - INFO - Rate: 5.94 msg/sec | Total: 5361 messages
2026-05-05 18:57:33,064 - __main__ - INFO - Rate: 0.69 msg/sec | Total: 764 messages
2026-05-05 18:57:41,636 - __main__ - INFO - Rate: 6.18 msg/sec | Total: 5423 messages
2026-05-05 18:57:43,152 - __main__ - INFO - Rate: 0.69 msg/sec | Total: 771 messages
2026-05-05 18:57:51,661 - __main__ - INFO - Rate: 6.38 msg/sec | Total: 5487 messages
2026-05-05 18:57:53,285 - __main__ - INFO - Rate: 0.30 msg/sec | Total: 774 messages
2026-05-05 18:58:01,705 - __main__ - INFO - Rate: 6.87 msg/sec | Total: 5556 messages
2026-05-05 18:58:03,343 - __main__ - INFO - Rate: 0.10 msg/sec | Total: 775 messages
2026-05-05 18:58:11,780 - __main__ - INFO - Rate: 7.44 msg/sec | Total: 5631 messages
2026-05-05 18:58:13,425 - __main__ - INFO - Rate: 0.50 msg/sec | Total: 780 messages
2026-05-05 18:58:21,809 - __main__ - INFO - Rate: 6.88 msg/sec | Total: 5700 messages
2026-05-05 18:58:23,473 - __main__ - INFO - Rate: 0.30 msg/sec | Total: 783 messages
2026-05-05 18:58:31,860 - __main__ - INFO - Rate: 6.57 msg/sec | Total: 5766 messages
2026-05-05 18:58:33,661 - __main__ - INFO - Rate: 0.39 msg/sec | Total: 787 messages
2026-05-05 18:58:41,897 - __main__ - INFO - Rate: 6.38 msg/sec | Total: 5830 messages
2026-05-05 18:58:43,756 - __main__ - INFO - Rate: 0.50 msg/sec | Total: 792 messages
2026-05-05 18:58:51,965 - __main__ - INFO - Rate: 6.56 msg/sec | Total: 5896 messages
2026-05-05 18:58:53,816 - __main__ - INFO - Rate: 0.20 msg/sec | Total: 794 messages
2026-05-05 18:59:02,044 - __main__ - INFO - Rate: 6.05 msg/sec | Total: 5957 messages
2026-05-05 18:59:03,988 - __main__ - INFO - Rate: 0.20 msg/sec | Total: 796 messages
2026-05-05 18:59:12,085 - __main__ - INFO - Rate: 4.78 msg/sec | Total: 6005 messages
2026-05-05 18:59:14,107 - __main__ - INFO - Rate: 0.49 msg/sec | Total: 801 messages
2026-05-05 18:59:22,166 - __main__ - INFO - Rate: 6.75 msg/sec | Total: 6073 messages
2026-05-05 18:59:24,158 - __main__ - INFO - Rate: 0.60 msg/sec | Total: 807 messages
2026-05-05 18:59:32,199 - __main__ - INFO - Rate: 5.48 msg/sec | Total: 6128 messages
2026-05-05 18:59:34,340 - __main__ - INFO - Rate: 0.49 msg/sec | Total: 812 messages
2026-05-05 18:59:42,243 - __main__ - INFO - Rate: 6.67 msg/sec | Total: 6195 messages
2026-05-05 18:59:44,458 - __main__ - INFO - Rate: 0.49 msg/sec | Total: 817 messages
2026-05-05 18:59:52,373 - __main__ - INFO - Rate: 6.12 msg/sec | Total: 6257 messages
2026-05-05 18:59:54,619 - __main__ - INFO - Rate: 0.59 msg/sec | Total: 823 messages
2026-05-05 19:00:02,474 - __main__ - INFO - Rate: 6.53 msg/sec | Total: 6323 messages
2026-05-05 19:00:04,816 - __main__ - INFO - Rate: 0.49 msg/sec | Total: 828 messages
2026-05-05 19:00:12,548 - __main__ - INFO - Rate: 5.06 msg/sec | Total: 6374 messages
2026-05-05 19:00:14,952 - __main__ - INFO - Rate: 0.30 msg/sec | Total: 831 messages
2026-05-05 19:00:22,651 - __main__ - INFO - Rate: 8.12 msg/sec | Total: 6456 messages
2026-05-05 19:00:25,012 - __main__ - INFO - Rate: 0.70 msg/sec | Total: 838 messages
2026-05-05 19:00:32,845 - __main__ - INFO - Rate: 6.87 msg/sec | Total: 6526 messages
2026-05-05 19:00:35,053 - __main__ - INFO - Rate: 0.60 msg/sec | Total: 844 messages
2026-05-05 19:00:43,031 - __main__ - INFO - Rate: 5.60 msg/sec | Total: 6583 messages
2026-05-05 19:00:45,194 - __main__ - INFO - Rate: 0.39 msg/sec | Total: 848 messages
2026-05-05 19:00:53,173 - __main__ - INFO - Rate: 6.01 msg/sec | Total: 6644 messages
2026-05-05 19:03:17,730 - __main__ - INFO - Skipping POSIX signal handlers (not running on main thread, e.g. Streamlit)
2026-05-05 19:03:17,730 - __main__ - INFO - ============================================================
2026-05-05 19:03:17,730 - __main__ - INFO - HiveMQ Service Starting (Dual-Broker mode)
2026-05-05 19:03:17,730 - __main__ - INFO - ============================================================
2026-05-05 19:03:17,736 - database - INFO - Database initialised at mqtt_data.db
2026-05-05 19:03:17,737 - database - INFO - Database initialised at mqtt_data.db
2026-05-05 19:03:17,834 - __main__ - INFO - Database initialised (shared schema) at mqtt_data.db
2026-05-05 19:03:17,835 - __main__ - INFO - Database worker thread started
2026-05-05 19:03:17,872 - __main__ - INFO - TLS enabled for secure connection
2026-05-05 19:03:17,872 - __main__ - INFO - Connecting to broker Broker-2 at newflo-789c1e1b.a03.euc1.aws.hivemq.cloud:8883
2026-05-05 19:03:17,878 - __main__ - INFO - Database initialised (shared schema) at mqtt_data.db
2026-05-05 19:03:17,879 - __main__ - INFO - Database worker thread started
2026-05-05 19:03:17,912 - __main__ - INFO - TLS enabled for secure connection
2026-05-05 19:03:17,912 - __main__ - INFO - Connecting to broker Broker-1 at b9ff4eeb544e4ac18142a019bc399b43.s2.eu.hivemq.cloud:8883
2026-05-05 19:03:18,056 - __main__ - INFO - Skipping POSIX signal handlers (not running on main thread, e.g. Streamlit)
2026-05-05 19:03:18,057 - __main__ - INFO - ============================================================
2026-05-05 19:03:18,058 - __main__ - INFO - HiveMQ Service Starting (Dual-Broker mode)
2026-05-05 19:03:18,059 - __main__ - INFO - ============================================================
2026-05-05 19:03:18,069 - database - INFO - Database initialised at mqtt_data.db
2026-05-05 19:03:18,069 - database - INFO - Database initialised at mqtt_data.db
2026-05-05 19:03:18,113 - __main__ - INFO - Skipping POSIX signal handlers (not running on main thread, e.g. Streamlit)
2026-05-05 19:03:18,113 - __main__ - INFO - ============================================================
2026-05-05 19:03:18,113 - __main__ - INFO - HiveMQ Service Starting (Dual-Broker mode)
2026-05-05 19:03:18,114 - __main__ - INFO - ============================================================
2026-05-05 19:03:18,128 - database - INFO - Database initialised at mqtt_data.db
2026-05-05 19:03:18,128 - database - INFO - Database initialised at mqtt_data.db
2026-05-05 19:03:18,228 - __main__ - INFO - Database initialised (shared schema) at mqtt_data.db
2026-05-05 19:03:18,229 - __main__ - INFO - Database worker thread started
2026-05-05 19:03:18,270 - __main__ - INFO - TLS enabled for secure connection
2026-05-05 19:03:18,270 - __main__ - INFO - Connecting to broker Broker-2 at newflo-789c1e1b.a03.euc1.aws.hivemq.cloud:8883
2026-05-05 19:03:18,275 - __main__ - INFO - Database initialised (shared schema) at mqtt_data.db
2026-05-05 19:03:18,276 - __main__ - INFO - Database worker thread started
2026-05-05 19:03:18,357 - __main__ - INFO - TLS enabled for secure connection
2026-05-05 19:03:18,358 - __main__ - INFO - Connecting to broker Broker-1 at b9ff4eeb544e4ac18142a019bc399b43.s2.eu.hivemq.cloud:8883
2026-05-05 19:03:18,367 - __main__ - INFO - Starting MQTT loop...
2026-05-05 19:03:18,386 - __main__ - INFO - Database initialised (shared schema) at mqtt_data.db
2026-05-05 19:03:18,389 - __main__ - INFO - Database worker thread started
2026-05-05 19:03:18,445 - __main__ - INFO - TLS enabled for secure connection
2026-05-05 19:03:18,446 - __main__ - INFO - Connecting to broker Broker-2 at newflo-789c1e1b.a03.euc1.aws.hivemq.cloud:8883
2026-05-05 19:03:18,452 - __main__ - INFO - Database initialised (shared schema) at mqtt_data.db
2026-05-05 19:03:18,453 - __main__ - INFO - Database worker thread started
2026-05-05 19:03:18,525 - __main__ - INFO - Starting MQTT loop...
2026-05-05 19:03:18,525 - __main__ - INFO - TLS enabled for secure connection
2026-05-05 19:03:18,526 - __main__ - INFO - Connecting to broker Broker-1 at b9ff4eeb544e4ac18142a019bc399b43.s2.eu.hivemq.cloud:8883
2026-05-05 19:03:18,709 - __main__ - INFO - Connected successfully to broker (Broker-1)
2026-05-05 19:03:18,710 - __main__ - INFO - Subscribed to topic: #
2026-05-05 19:03:18,731 - __main__ - INFO - Starting MQTT loop...
2026-05-05 19:03:18,735 - __main__ - INFO - Connected successfully to broker (Broker-2)
2026-05-05 19:03:18,736 - __main__ - INFO - Subscribed to topic: #
2026-05-05 19:03:18,825 - __main__ - INFO - Starting MQTT loop...
2026-05-05 19:03:18,862 - __main__ - INFO - Starting MQTT loop...
2026-05-05 19:03:18,914 - __main__ - INFO - Subscription confirmed with QoS: [ReasonCode(Suback, 'Granted QoS 1')]
2026-05-05 19:03:18,915 - __main__ - INFO - Subscription confirmed with QoS: [ReasonCode(Suback, 'Granted QoS 1')]
2026-05-05 19:03:19,037 - __main__ - INFO - Starting MQTT loop...
2026-05-05 19:03:19,051 - __main__ - INFO - Connected successfully to broker (Broker-1)
2026-05-05 19:03:19,052 - __main__ - INFO - Subscribed to topic: #
2026-05-05 19:03:19,191 - __main__ - INFO - Connected successfully to broker (Broker-2)
2026-05-05 19:03:19,191 - __main__ - INFO - Subscribed to topic: #
2026-05-05 19:03:19,200 - __main__ - ERROR - Error starting service: HiveMQService.on_disconnect() takes from 4 to 5 positional arguments but 6 were given
2026-05-05 19:03:19,200 - __main__ - INFO - Stopping HiveMQ service...
2026-05-05 19:03:19,201 - __main__ - INFO - MQTT client stopped successfully
2026-05-05 19:03:19,201 - __main__ - INFO - Waiting for database worker to finish...
2026-05-05 19:03:19,208 - __main__ - INFO - Connected successfully to broker (Broker-1)
2026-05-05 19:03:19,208 - __main__ - INFO - Subscribed to topic: #
2026-05-05 19:03:19,272 - __main__ - INFO - Connected successfully to broker (Broker-2)
2026-05-05 19:03:19,273 - __main__ - INFO - Subscribed to topic: #
2026-05-05 19:03:19,283 - __main__ - ERROR - Error starting service: HiveMQService.on_disconnect() takes from 4 to 5 positional arguments but 6 were given
2026-05-05 19:03:19,283 - __main__ - INFO - Stopping HiveMQ service...
2026-05-05 19:03:19,284 - __main__ - INFO - MQTT client stopped successfully
2026-05-05 19:03:19,284 - __main__ - INFO - Waiting for database worker to finish...
2026-05-05 19:03:19,328 - __main__ - INFO - Database worker stopped. Total messages stored: 0
2026-05-05 19:03:19,329 - __main__ - INFO - HiveMQ service stopped
2026-05-05 19:03:19,329 - __main__ - ERROR - Fatal error for Broker-2: HiveMQService.on_disconnect() takes from 4 to 5 positional arguments but 6 were given
2026-05-05 19:03:19,375 - __main__ - INFO - Database worker stopped. Total messages stored: 0
2026-05-05 19:03:19,376 - __main__ - INFO - HiveMQ service stopped
2026-05-05 19:03:19,377 - __main__ - ERROR - Fatal error for Broker-1: HiveMQService.on_disconnect() takes from 4 to 5 positional arguments but 6 were given
2026-05-05 19:03:19,383 - __main__ - INFO - Subscription confirmed with QoS: [ReasonCode(Suback, 'Granted QoS 1')]
2026-05-05 19:03:19,459 - __main__ - INFO - Subscription confirmed with QoS: [ReasonCode(Suback, 'Granted QoS 1')]
2026-05-05 19:03:27,859 - __main__ - INFO - Rate: 0.30 msg/sec | Total: 3 messages
2026-05-05 19:03:27,891 - __main__ - INFO - Rate: 5.51 msg/sec | Total: 56 messages
2026-05-05 19:03:28,126 - __main__ - INFO - Rate: 0.30 msg/sec | Total: 3 messages
2026-05-05 19:03:28,260 - __main__ - INFO - Rate: 5.13 msg/sec | Total: 52 messages
2026-05-05 19:03:37,936 - __main__ - INFO - Rate: 0.40 msg/sec | Total: 7 messages
2026-05-05 19:03:37,943 - __main__ - INFO - Rate: 5.37 msg/sec | Total: 110 messages
2026-05-05 19:03:38,211 - __main__ - INFO - Rate: 0.50 msg/sec | Total: 8 messages
2026-05-05 19:03:38,356 - __main__ - INFO - Rate: 5.55 msg/sec | Total: 108 messages
2026-05-05 19:03:48,013 - __main__ - INFO - Rate: 5.56 msg/sec | Total: 166 messages
2026-05-05 19:03:48,029 - __main__ - INFO - Rate: 0.99 msg/sec | Total: 17 messages
2026-05-05 19:03:48,261 - __main__ - INFO - Rate: 0.90 msg/sec | Total: 17 messages
2026-05-05 19:03:48,401 - __main__ - INFO - Rate: 5.58 msg/sec | Total: 164 messages
2026-05-05 19:03:58,159 - __main__ - INFO - Rate: 0.39 msg/sec | Total: 21 messages
2026-05-05 19:03:58,170 - __main__ - INFO - Rate: 5.61 msg/sec | Total: 223 messages
2026-05-05 19:03:58,397 - __main__ - INFO - Rate: 0.39 msg/sec | Total: 21 messages
2026-05-05 19:03:58,480 - __main__ - INFO - Rate: 5.66 msg/sec | Total: 221 messages
2026-05-05 19:04:08,328 - __main__ - INFO - Rate: 6.60 msg/sec | Total: 290 messages
2026-05-05 19:04:08,328 - __main__ - INFO - Rate: 0.59 msg/sec | Total: 27 messages
2026-05-05 19:04:08,512 - __main__ - INFO - Rate: 6.58 msg/sec | Total: 287 messages
2026-05-05 19:04:08,579 - __main__ - INFO - Rate: 0.69 msg/sec | Total: 28 messages
2026-05-05 19:04:18,442 - __main__ - INFO - Rate: 7.02 msg/sec | Total: 361 messages
2026-05-05 19:04:18,452 - __main__ - INFO - Rate: 0.79 msg/sec | Total: 35 messages
2026-05-05 19:04:18,525 - __main__ - INFO - Rate: 7.19 msg/sec | Total: 359 messages
2026-05-05 19:04:18,671 - __main__ - INFO - Rate: 0.69 msg/sec | Total: 35 messages
2026-05-05 19:04:28,536 - __main__ - INFO - Rate: 6.39 msg/sec | Total: 423 messages
2026-05-05 19:04:28,553 - __main__ - INFO - Rate: 6.53 msg/sec | Total: 427 messages
2026-05-05 19:04:28,560 - __main__ - INFO - Rate: 0.30 msg/sec | Total: 38 messages
2026-05-05 19:04:28,803 - __main__ - INFO - Rate: 0.39 msg/sec | Total: 39 messages
2026-05-05 19:04:38,618 - __main__ - INFO - Rate: 6.35 msg/sec | Total: 487 messages
2026-05-05 19:04:38,643 - __main__ - INFO - Rate: 6.34 msg/sec | Total: 491 messages
2026-05-05 19:04:38,675 - __main__ - INFO - Rate: 0.20 msg/sec | Total: 40 messages
2026-05-05 19:04:38,899 - __main__ - INFO - Rate: 0.10 msg/sec | Total: 40 messages
2026-05-05 19:04:48,685 - __main__ - INFO - Rate: 6.26 msg/sec | Total: 550 messages
2026-05-05 19:04:48,699 - __main__ - INFO - Rate: 6.26 msg/sec | Total: 554 messages
2026-05-05 19:04:48,759 - __main__ - INFO - Rate: 0.59 msg/sec | Total: 46 messages
2026-05-05 19:04:48,995 - __main__ - INFO - Rate: 0.59 msg/sec | Total: 46 messages
2026-05-05 19:04:58,718 - __main__ - INFO - Rate: 6.89 msg/sec | Total: 623 messages
2026-05-05 19:04:58,735 - __main__ - INFO - Rate: 6.87 msg/sec | Total: 619 messages
2026-05-05 19:04:58,877 - __main__ - INFO - Rate: 0.40 msg/sec | Total: 50 messages
2026-05-05 19:04:59,109 - __main__ - INFO - Rate: 0.40 msg/sec | Total: 50 messages
2026-05-05 19:05:08,766 - __main__ - INFO - Rate: 6.37 msg/sec | Total: 687 messages
2026-05-05 19:05:08,766 - __main__ - INFO - Rate: 6.38 msg/sec | Total: 683 messages
2026-05-05 19:05:09,015 - __main__ - INFO - Rate: 0.79 msg/sec | Total: 58 messages
2026-05-05 19:05:09,221 - __main__ - INFO - Rate: 0.79 msg/sec | Total: 58 messages
2026-05-05 19:05:18,770 - __main__ - INFO - Rate: 6.40 msg/sec | Total: 751 messages
2026-05-05 19:05:18,958 - __main__ - INFO - Rate: 6.28 msg/sec | Total: 747 messages
2026-05-05 19:05:19,126 - __main__ - INFO - Rate: 0.10 msg/sec | Total: 59 messages
2026-05-05 19:05:19,342 - __main__ - INFO - Rate: 0.10 msg/sec | Total: 59 messages
2026-05-05 19:05:28,816 - __main__ - INFO - Rate: 4.78 msg/sec | Total: 799 messages
2026-05-05 19:05:29,025 - __main__ - INFO - Rate: 4.77 msg/sec | Total: 795 messages
2026-05-05 19:05:29,227 - __main__ - INFO - Rate: 0.49 msg/sec | Total: 64 messages
2026-05-05 19:05:29,412 - __main__ - INFO - Rate: 0.50 msg/sec | Total: 64 messages
2026-05-05 19:05:38,900 - __main__ - INFO - Rate: 6.84 msg/sec | Total: 868 messages
2026-05-05 19:05:39,113 - __main__ - INFO - Rate: 6.84 msg/sec | Total: 864 messages
2026-05-05 19:05:39,418 - __main__ - INFO - Rate: 0.59 msg/sec | Total: 70 messages
2026-05-05 19:05:39,487 - __main__ - INFO - Rate: 0.60 msg/sec | Total: 70 messages
2026-05-05 19:05:48,964 - __main__ - INFO - Rate: 6.66 msg/sec | Total: 935 messages
2026-05-05 19:05:49,159 - __main__ - INFO - Rate: 6.77 msg/sec | Total: 932 messages
2026-05-05 19:05:49,586 - __main__ - INFO - Rate: 0.39 msg/sec | Total: 74 messages
2026-05-05 19:05:49,587 - __main__ - INFO - Rate: 0.40 msg/sec | Total: 74 messages
2026-05-05 19:05:59,024 - __main__ - INFO - Rate: 5.86 msg/sec | Total: 994 messages
2026-05-05 19:05:59,209 - __main__ - INFO - Rate: 5.77 msg/sec | Total: 990 messages
2026-05-05 19:05:59,758 - __main__ - INFO - Rate: 0.00 msg/sec | Total: 74 messages
2026-05-05 19:05:59,758 - __main__ - INFO - Rate: 0.00 msg/sec | Total: 74 messages
2026-05-05 19:06:09,186 - __main__ - INFO - Rate: 6.99 msg/sec | Total: 1065 messages
2026-05-05 19:06:09,324 - __main__ - INFO - Rate: 7.12 msg/sec | Total: 1062 messages
2026-05-05 19:06:09,880 - __main__ - INFO - Rate: 0.40 msg/sec | Total: 78 messages
2026-05-05 19:06:09,896 - __main__ - INFO - Rate: 0.39 msg/sec | Total: 78 messages
2026-05-05 19:06:19,200 - __main__ - INFO - Rate: 6.49 msg/sec | Total: 1130 messages
2026-05-05 19:06:19,361 - __main__ - INFO - Rate: 6.58 msg/sec | Total: 1128 messages
2026-05-05 19:06:19,977 - __main__ - INFO - Rate: 0.69 msg/sec | Total: 85 messages
2026-05-05 19:06:19,993 - __main__ - INFO - Rate: 0.69 msg/sec | Total: 85 messages
2026-05-05 19:06:29,251 - __main__ - INFO - Rate: 5.87 msg/sec | Total: 1189 messages
2026-05-05 19:06:29,441 - __main__ - INFO - Rate: 5.95 msg/sec | Total: 1188 messages
2026-05-05 19:06:30,130 - __main__ - INFO - Rate: 0.10 msg/sec | Total: 86 messages
2026-05-05 19:06:30,192 - __main__ - INFO - Rate: 0.10 msg/sec | Total: 86 messages
2026-05-05 19:06:39,434 - __main__ - INFO - Rate: 6.68 msg/sec | Total: 1257 messages
2026-05-05 19:06:39,623 - __main__ - INFO - Rate: 6.38 msg/sec | Total: 1253 messages
2026-05-05 19:06:40,318 - __main__ - INFO - Rate: 0.49 msg/sec | Total: 91 messages
2026-05-05 19:06:40,400 - __main__ - INFO - Rate: 0.49 msg/sec | Total: 91 messages
2026-05-05 19:06:49,467 - __main__ - INFO - Rate: 7.28 msg/sec | Total: 1330 messages
2026-05-05 19:06:49,631 - __main__ - INFO - Rate: 7.59 msg/sec | Total: 1329 messages
2026-05-05 19:06:50,451 - __main__ - INFO - Rate: 0.59 msg/sec | Total: 97 messages
2026-05-05 19:06:50,466 - __main__ - INFO - Rate: 0.60 msg/sec | Total: 97 messages
2026-05-05 19:06:59,495 - __main__ - INFO - Rate: 8.58 msg/sec | Total: 1416 messages
2026-05-05 19:06:59,727 - __main__ - INFO - Rate: 8.42 msg/sec | Total: 1414 messages
2026-05-05 19:07:00,580 - __main__ - INFO - Rate: 0.20 msg/sec | Total: 99 messages
2026-05-05 19:07:00,595 - __main__ - INFO - Rate: 0.20 msg/sec | Total: 99 messages
2026-05-05 19:07:09,520 - __main__ - INFO - Rate: 6.68 msg/sec | Total: 1483 messages
2026-05-05 19:07:09,744 - __main__ - INFO - Rate: 6.49 msg/sec | Total: 1479 messages
2026-05-05 19:07:10,597 - __main__ - INFO - Rate: 0.50 msg/sec | Total: 104 messages
2026-05-05 19:07:10,787 - __main__ - INFO - Rate: 0.49 msg/sec | Total: 104 messages
2026-05-05 19:07:19,620 - __main__ - INFO - Rate: 5.94 msg/sec | Total: 1543 messages
2026-05-05 19:07:19,819 - __main__ - INFO - Rate: 5.96 msg/sec | Total: 1539 messages
2026-05-05 19:07:20,712 - __main__ - INFO - Rate: 0.10 msg/sec | Total: 105 messages
2026-05-05 19:07:20,857 - __main__ - INFO - Rate: 0.10 msg/sec | Total: 105 messages
2026-05-05 19:07:29,710 - __main__ - INFO - Rate: 5.45 msg/sec | Total: 1598 messages
2026-05-05 19:07:29,950 - __main__ - INFO - Rate: 5.63 msg/sec | Total: 1596 messages
2026-05-05 19:07:30,877 - __main__ - INFO - Rate: 0.59 msg/sec | Total: 111 messages
2026-05-05 19:07:31,059 - __main__ - INFO - Rate: 0.59 msg/sec | Total: 111 messages
2026-05-05 19:07:39,729 - __main__ - INFO - Rate: 4.89 msg/sec | Total: 1647 messages
2026-05-05 19:07:40,004 - __main__ - INFO - Rate: 4.87 msg/sec | Total: 1645 messages
2026-05-05 19:07:40,951 - __main__ - INFO - Rate: 0.60 msg/sec | Total: 117 messages
2026-05-05 19:07:41,263 - __main__ - INFO - Rate: 0.69 msg/sec | Total: 118 messages
2026-05-05 19:07:49,855 - __main__ - INFO - Rate: 7.80 msg/sec | Total: 1726 messages
2026-05-05 19:07:50,206 - __main__ - INFO - Rate: 7.74 msg/sec | Total: 1724 messages
2026-05-05 19:07:51,007 - __main__ - INFO - Rate: 0.40 msg/sec | Total: 121 messages
2026-05-05 19:07:51,396 - __main__ - INFO - Rate: 0.30 msg/sec | Total: 121 messages
2026-05-05 19:07:59,993 - __main__ - INFO - Rate: 5.62 msg/sec | Total: 1783 messages
2026-05-05 19:08:00,290 - __main__ - INFO - Rate: 5.75 msg/sec | Total: 1782 messages
2026-05-05 19:08:01,077 - __main__ - INFO - Rate: 0.30 msg/sec | Total: 124 messages
2026-05-05 19:08:01,449 - __main__ - INFO - Rate: 0.30 msg/sec | Total: 124 messages
2026-05-05 19:08:10,039 - __main__ - INFO - Rate: 7.47 msg/sec | Total: 1858 messages
2026-05-05 19:08:10,489 - __main__ - INFO - Rate: 7.55 msg/sec | Total: 1859 messages
2026-05-05 19:08:11,138 - __main__ - INFO - Rate: 0.10 msg/sec | Total: 125 messages
2026-05-05 19:08:11,554 - __main__ - INFO - Rate: 0.10 msg/sec | Total: 125 messages
2026-05-05 19:08:20,049 - __main__ - INFO - Rate: 6.19 msg/sec | Total: 1920 messages
2026-05-05 19:08:20,599 - __main__ - INFO - Rate: 5.93 msg/sec | Total: 1919 messages
2026-05-05 19:08:21,150 - __main__ - INFO - Rate: 0.40 msg/sec | Total: 129 messages
2026-05-05 19:08:21,728 - __main__ - INFO - Rate: 0.39 msg/sec | Total: 129 messages
2026-05-05 19:08:30,069 - __main__ - INFO - Rate: 6.09 msg/sec | Total: 1981 messages
2026-05-05 19:08:30,754 - __main__ - INFO - Rate: 6.11 msg/sec | Total: 1981 messages
2026-05-05 19:08:31,227 - __main__ - INFO - Rate: 0.30 msg/sec | Total: 132 messages
2026-05-05 19:08:31,791 - __main__ - INFO - Rate: 0.30 msg/sec | Total: 132 messages
2026-05-05 19:08:40,085 - __main__ - INFO - Rate: 6.09 msg/sec | Total: 2042 messages
2026-05-05 19:08:40,754 - __main__ - INFO - Rate: 6.10 msg/sec | Total: 2042 messages
2026-05-05 19:08:41,255 - __main__ - INFO - Rate: 0.50 msg/sec | Total: 137 messages
2026-05-05 19:08:41,859 - __main__ - INFO - Rate: 0.50 msg/sec | Total: 137 messages
2026-05-05 19:08:50,094 - __main__ - INFO - Rate: 6.59 msg/sec | Total: 2108 messages
2026-05-05 19:08:50,766 - __main__ - INFO - Rate: 6.59 msg/sec | Total: 2108 messages
2026-05-05 19:08:51,459 - __main__ - INFO - Rate: 0.39 msg/sec | Total: 141 messages
2026-05-05 19:08:52,062 - __main__ - INFO - Rate: 0.39 msg/sec | Total: 141 messages
2026-05-05 19:09:00,211 - __main__ - INFO - Rate: 7.41 msg/sec | Total: 2183 messages
2026-05-05 19:09:00,781 - __main__ - INFO - Rate: 7.19 msg/sec | Total: 2180 messages
2026-05-05 19:09:01,463 - __main__ - INFO - Rate: 0.10 msg/sec | Total: 142 messages
2026-05-05 19:09:02,096 - __main__ - INFO - Rate: 0.10 msg/sec | Total: 142 messages
2026-05-05 19:09:10,282 - __main__ - INFO - Rate: 5.66 msg/sec | Total: 2240 messages
2026-05-05 19:09:10,852 - __main__ - INFO - Rate: 6.06 msg/sec | Total: 2241 messages
2026-05-05 19:09:11,619 - __main__ - INFO - Rate: 0.49 msg/sec | Total: 147 messages
2026-05-05 19:09:12,165 - __main__ - INFO - Rate: 0.60 msg/sec | Total: 148 messages
2026-05-05 19:09:20,392 - __main__ - INFO - Rate: 6.53 msg/sec | Total: 2306 messages
2026-05-05 19:09:20,968 - __main__ - INFO - Rate: 6.33 msg/sec | Total: 2305 messages
2026-05-05 19:09:21,747 - __main__ - INFO - Rate: 0.39 msg/sec | Total: 151 messages
2026-05-05 19:09:22,336 - __main__ - INFO - Rate: 0.29 msg/sec | Total: 151 messages
2026-05-05 19:09:30,485 - __main__ - INFO - Rate: 5.65 msg/sec | Total: 2363 messages
2026-05-05 19:09:31,036 - __main__ - INFO - Rate: 5.76 msg/sec | Total: 2363 messages
2026-05-05 19:09:31,835 - __main__ - INFO - Rate: 0.40 msg/sec | Total: 155 messages
2026-05-05 19:09:32,404 - __main__ - INFO - Rate: 0.40 msg/sec | Total: 155 messages
2026-05-05 19:09:40,540 - __main__ - INFO - Rate: 6.17 msg/sec | Total: 2425 messages
2026-05-05 19:09:41,142 - __main__ - INFO - Rate: 5.94 msg/sec | Total: 2423 messages
2026-05-05 19:09:42,005 - __main__ - INFO - Rate: 0.10 msg/sec | Total: 156 messages
2026-05-05 19:09:42,604 - __main__ - INFO - Rate: 0.10 msg/sec | Total: 156 messages
2026-05-05 19:09:50,615 - __main__ - INFO - Rate: 6.15 msg/sec | Total: 2487 messages
2026-05-05 19:09:51,242 - __main__ - INFO - Rate: 6.24 msg/sec | Total: 2486 messages
2026-05-05 19:09:52,207 - __main__ - INFO - Rate: 0.59 msg/sec | Total: 162 messages
2026-05-05 19:09:52,792 - __main__ - INFO - Rate: 0.59 msg/sec | Total: 162 messages
2026-05-05 19:10:00,729 - __main__ - INFO - Rate: 5.44 msg/sec | Total: 2542 messages
2026-05-05 19:10:01,250 - __main__ - INFO - Rate: 5.80 msg/sec | Total: 2544 messages
2026-05-05 19:10:02,252 - __main__ - INFO - Rate: 0.10 msg/sec | Total: 163 messages
2026-05-05 19:10:02,865 - __main__ - INFO - Rate: 0.20 msg/sec | Total: 164 messages
2026-05-05 19:10:10,760 - __main__ - INFO - Rate: 6.48 msg/sec | Total: 2607 messages
2026-05-05 19:10:11,301 - __main__ - INFO - Rate: 6.07 msg/sec | Total: 2605 messages
2026-05-05 19:10:12,428 - __main__ - INFO - Rate: 0.79 msg/sec | Total: 171 messages
2026-05-05 19:10:12,978 - __main__ - INFO - Rate: 0.69 msg/sec | Total: 171 messages
2026-05-05 19:10:20,795 - __main__ - INFO - Rate: 5.38 msg/sec | Total: 2661 messages
2026-05-05 19:10:21,323 - __main__ - INFO - Rate: 5.79 msg/sec | Total: 2663 messages
2026-05-05 19:10:22,601 - __main__ - INFO - Rate: 0.20 msg/sec | Total: 173 messages
2026-05-05 19:10:23,111 - __main__ - INFO - Rate: 0.30 msg/sec | Total: 174 messages
2026-05-05 19:10:30,845 - __main__ - INFO - Rate: 6.27 msg/sec | Total: 2724 messages
2026-05-05 19:10:31,427 - __main__ - INFO - Rate: 6.04 msg/sec | Total: 2724 messages
2026-05-05 19:10:32,743 - __main__ - INFO - Rate: 0.30 msg/sec | Total: 176 messages
2026-05-05 19:10:33,150 - __main__ - INFO - Rate: 0.20 msg/sec | Total: 176 messages
2026-05-05 19:10:41,039 - __main__ - INFO - Rate: 6.87 msg/sec | Total: 2794 messages
2026-05-05 19:10:41,456 - __main__ - INFO - Rate: 6.98 msg/sec | Total: 2794 messages
2026-05-05 19:10:42,766 - __main__ - INFO - Rate: 0.40 msg/sec | Total: 180 messages
2026-05-05 19:10:43,362 - __main__ - INFO - Rate: 0.39 msg/sec | Total: 180 messages
2026-05-05 19:10:51,091 - __main__ - INFO - Rate: 6.37 msg/sec | Total: 2858 messages
2026-05-05 19:10:51,457 - __main__ - INFO - Rate: 6.20 msg/sec | Total: 2856 messages
2026-05-05 19:10:52,801 - __main__ - INFO - Rate: 0.20 msg/sec | Total: 182 messages
2026-05-05 19:10:53,384 - __main__ - INFO - Rate: 0.20 msg/sec | Total: 182 messages
2026-05-05 19:11:01,122 - __main__ - INFO - Rate: 6.38 msg/sec | Total: 2922 messages
2026-05-05 19:11:01,464 - __main__ - INFO - Rate: 6.30 msg/sec | Total: 2919 messages
2026-05-05 19:11:02,994 - __main__ - INFO - Rate: 0.29 msg/sec | Total: 185 messages
2026-05-05 19:11:03,562 - __main__ - INFO - Rate: 0.29 msg/sec | Total: 185 messages
2026-05-05 19:11:11,176 - __main__ - INFO - Rate: 6.66 msg/sec | Total: 2989 messages
2026-05-05 19:11:11,561 - __main__ - INFO - Rate: 6.64 msg/sec | Total: 2986 messages
2026-05-05 19:11:13,045 - __main__ - INFO - Rate: 0.50 msg/sec | Total: 190 messages
2026-05-05 19:11:13,593 - __main__ - INFO - Rate: 0.50 msg/sec | Total: 190 messages
2026-05-05 19:11:21,322 - __main__ - INFO - Rate: 6.31 msg/sec | Total: 3053 messages
2026-05-05 19:11:21,716 - __main__ - INFO - Rate: 6.30 msg/sec | Total: 3050 messages
2026-05-05 19:11:23,109 - __main__ - INFO - Rate: 0.89 msg/sec | Total: 199 messages
2026-05-05 19:11:23,703 - __main__ - INFO - Rate: 0.89 msg/sec | Total: 199 messages
2026-05-05 19:11:31,386 - __main__ - INFO - Rate: 6.26 msg/sec | Total: 3116 messages
2026-05-05 19:11:31,831 - __main__ - INFO - Rate: 6.23 msg/sec | Total: 3113 messages
2026-05-05 19:11:33,211 - __main__ - INFO - Rate: 0.79 msg/sec | Total: 207 messages
2026-05-05 19:11:33,807 - __main__ - INFO - Rate: 0.79 msg/sec | Total: 207 messages
2026-05-05 19:11:41,569 - __main__ - INFO - Rate: 5.79 msg/sec | Total: 3175 messages
2026-05-05 19:11:41,983 - __main__ - INFO - Rate: 5.91 msg/sec | Total: 3173 messages
2026-05-05 19:11:43,403 - __main__ - INFO - Rate: 0.69 msg/sec | Total: 214 messages
2026-05-05 19:11:43,826 - __main__ - INFO - Rate: 0.80 msg/sec | Total: 215 messages
2026-05-05 19:11:51,575 - __main__ - INFO - Rate: 6.50 msg/sec | Total: 3240 messages
2026-05-05 19:11:51,984 - __main__ - INFO - Rate: 6.80 msg/sec | Total: 3241 messages
2026-05-05 19:11:53,596 - __main__ - INFO - Rate: 0.69 msg/sec | Total: 221 messages
2026-05-05 19:11:53,981 - __main__ - INFO - Rate: 0.59 msg/sec | Total: 221 messages
2026-05-05 19:12:01,590 - __main__ - INFO - Rate: 6.59 msg/sec | Total: 3306 messages
2026-05-05 19:12:02,006 - __main__ - INFO - Rate: 6.49 msg/sec | Total: 3306 messages
2026-05-05 19:12:03,616 - __main__ - INFO - Rate: 0.30 msg/sec | Total: 224 messages
2026-05-05 19:12:04,034 - __main__ - INFO - Rate: 0.30 msg/sec | Total: 224 messages
2026-05-05 19:12:11,788 - __main__ - INFO - Rate: 6.28 msg/sec | Total: 3370 messages
2026-05-05 19:12:12,039 - __main__ - INFO - Rate: 6.08 msg/sec | Total: 3367 messages
2026-05-05 19:12:13,722 - __main__ - INFO - Rate: 0.20 msg/sec | Total: 226 messages
2026-05-05 19:12:14,160 - __main__ - INFO - Rate: 0.20 msg/sec | Total: 226 messages
2026-05-05 19:12:21,826 - __main__ - INFO - Rate: 5.88 msg/sec | Total: 3429 messages
2026-05-05 19:12:22,068 - __main__ - INFO - Rate: 5.88 msg/sec | Total: 3426 messages
2026-05-05 19:12:23,800 - __main__ - INFO - Rate: 0.30 msg/sec | Total: 229 messages
2026-05-05 19:12:24,191 - __main__ - INFO - Rate: 0.30 msg/sec | Total: 229 messages
2026-05-05 19:12:31,900 - __main__ - INFO - Rate: 6.65 msg/sec | Total: 3496 messages
2026-05-05 19:12:32,108 - __main__ - INFO - Rate: 6.67 msg/sec | Total: 3493 messages
2026-05-05 19:12:33,816 - __main__ - INFO - Rate: 0.80 msg/sec | Total: 237 messages
2026-05-05 19:12:34,390 - __main__ - INFO - Rate: 0.78 msg/sec | Total: 237 messages
2026-05-05 19:12:42,111 - __main__ - INFO - Rate: 6.27 msg/sec | Total: 3560 messages
2026-05-05 19:12:42,114 - __main__ - INFO - Rate: 6.40 msg/sec | Total: 3557 messages
2026-05-05 19:12:43,946 - __main__ - INFO - Rate: 0.20 msg/sec | Total: 239 messages
2026-05-05 19:12:44,510 - __main__ - INFO - Rate: 0.20 msg/sec | Total: 239 messages
2026-05-05 19:12:52,297 - __main__ - INFO - Rate: 6.19 msg/sec | Total: 3620 messages
2026-05-05 19:12:52,318 - __main__ - INFO - Rate: 6.27 msg/sec | Total: 3624 messages
2026-05-05 19:12:53,963 - __main__ - INFO - Rate: 0.70 msg/sec | Total: 246 messages
2026-05-05 19:12:54,560 - __main__ - INFO - Rate: 0.70 msg/sec | Total: 246 messages
2026-05-05 19:13:02,436 - __main__ - INFO - Rate: 4.93 msg/sec | Total: 3670 messages
2026-05-05 19:13:02,449 - __main__ - INFO - Rate: 4.94 msg/sec | Total: 3674 messages
2026-05-05 19:13:04,083 - __main__ - INFO - Rate: 0.79 msg/sec | Total: 254 messages
2026-05-05 19:13:04,683 - __main__ - INFO - Rate: 0.79 msg/sec | Total: 254 messages
2026-05-05 19:13:12,551 - __main__ - INFO - Rate: 6.13 msg/sec | Total: 3732 messages
2026-05-05 19:13:12,560 - __main__ - INFO - Rate: 6.13 msg/sec | Total: 3736 messages
2026-05-05 19:13:14,253 - __main__ - INFO - Rate: 0.20 msg/sec | Total: 256 messages
2026-05-05 19:13:14,850 - __main__ - INFO - Rate: 0.20 msg/sec | Total: 256 messages
2026-05-05 19:13:22,665 - __main__ - INFO - Rate: 6.72 msg/sec | Total: 3800 messages
2026-05-05 19:13:22,680 - __main__ - INFO - Rate: 6.72 msg/sec | Total: 3804 messages
2026-05-05 19:13:24,371 - __main__ - INFO - Rate: 0.30 msg/sec | Total: 259 messages
2026-05-05 19:13:24,952 - __main__ - INFO - Rate: 0.30 msg/sec | Total: 259 messages
2026-05-05 19:13:32,807 - __main__ - INFO - Rate: 7.10 msg/sec | Total: 3872 messages
2026-05-05 19:13:32,822 - __main__ - INFO - Rate: 7.10 msg/sec | Total: 3876 messages
2026-05-05 19:13:34,523 - __main__ - INFO - Rate: 0.89 msg/sec | Total: 268 messages
2026-05-05 19:13:35,123 - __main__ - INFO - Rate: 0.88 msg/sec | Total: 268 messages
2026-05-05 19:13:42,906 - __main__ - INFO - Rate: 6.04 msg/sec | Total: 3933 messages
2026-05-05 19:13:42,923 - __main__ - INFO - Rate: 6.14 msg/sec | Total: 3938 messages
2026-05-05 19:13:44,600 - __main__ - INFO - Rate: 0.60 msg/sec | Total: 274 messages
2026-05-05 19:13:45,176 - __main__ - INFO - Rate: 0.60 msg/sec | Total: 274 messages
2026-05-05 19:13:52,977 - __main__ - INFO - Rate: 5.36 msg/sec | Total: 3987 messages
2026-05-05 19:13:52,991 - __main__ - INFO - Rate: 5.26 msg/sec | Total: 3991 messages
2026-05-05 19:13:54,691 - __main__ - INFO - Rate: 0.40 msg/sec | Total: 278 messages
2026-05-05 19:13:55,329 - __main__ - INFO - Rate: 0.49 msg/sec | Total: 279 messages
2026-05-05 19:14:03,012 - __main__ - INFO - Rate: 6.68 msg/sec | Total: 4054 messages
2026-05-05 19:14:03,028 - __main__ - INFO - Rate: 6.68 msg/sec | Total: 4058 messages
2026-05-05 19:14:04,712 - __main__ - INFO - Rate: 0.30 msg/sec | Total: 281 messages
2026-05-05 19:14:05,495 - __main__ - INFO - Rate: 0.20 msg/sec | Total: 281 messages
2026-05-05 19:14:13,083 - __main__ - INFO - Rate: 7.05 msg/sec | Total: 4125 messages
2026-05-05 19:14:13,098 - __main__ - INFO - Rate: 7.05 msg/sec | Total: 4129 messages
2026-05-05 19:14:14,840 - __main__ - INFO - Rate: 0.59 msg/sec | Total: 287 messages
2026-05-05 19:14:15,622 - __main__ - INFO - Rate: 0.59 msg/sec | Total: 287 messages
2026-05-05 19:14:23,090 - __main__ - INFO - Rate: 7.19 msg/sec | Total: 4197 messages
2026-05-05 19:14:23,136 - __main__ - INFO - Rate: 7.27 msg/sec | Total: 4202 messages
2026-05-05 19:14:24,949 - __main__ - INFO - Rate: 0.20 msg/sec | Total: 289 messages
2026-05-05 19:14:25,765 - __main__ - INFO - Rate: 0.20 msg/sec | Total: 289 messages
2026-05-05 19:14:33,271 - __main__ - INFO - Rate: 5.82 msg/sec | Total: 4261 messages
2026-05-05 19:14:33,271 - __main__ - INFO - Rate: 5.89 msg/sec | Total: 4257 messages
2026-05-05 19:14:35,086 - __main__ - INFO - Rate: 0.20 msg/sec | Total: 291 messages
2026-05-05 19:14:35,900 - __main__ - INFO - Rate: 0.20 msg/sec | Total: 291 messages
2026-05-05 19:14:43,339 - __main__ - INFO - Rate: 6.26 msg/sec | Total: 4320 messages
2026-05-05 19:14:43,353 - __main__ - INFO - Rate: 6.25 msg/sec | Total: 4324 messages
2026-05-05 19:14:45,197 - __main__ - INFO - Rate: 0.10 msg/sec | Total: 292 messages
2026-05-05 19:14:45,986 - __main__ - INFO - Rate: 0.10 msg/sec | Total: 292 messages
2026-05-05 19:14:53,486 - __main__ - INFO - Rate: 6.60 msg/sec | Total: 4387 messages
2026-05-05 19:14:53,506 - __main__ - INFO - Rate: 6.60 msg/sec | Total: 4391 messages
2026-05-05 19:14:55,313 - __main__ - INFO - Rate: 0.69 msg/sec | Total: 299 messages
2026-05-05 19:14:56,098 - __main__ - INFO - Rate: 0.69 msg/sec | Total: 299 messages
2026-05-05 19:15:03,539 - __main__ - INFO - Rate: 5.87 msg/sec | Total: 4446 messages
2026-05-05 19:15:03,573 - __main__ - INFO - Rate: 5.86 msg/sec | Total: 4450 messages
2026-05-05 19:15:05,373 - __main__ - INFO - Rate: 0.30 msg/sec | Total: 302 messages
2026-05-05 19:15:06,179 - __main__ - INFO - Rate: 0.60 msg/sec | Total: 305 messages
2026-05-05 19:15:13,603 - __main__ - INFO - Rate: 6.46 msg/sec | Total: 4511 messages
2026-05-05 19:15:13,626 - __main__ - INFO - Rate: 6.47 msg/sec | Total: 4515 messages
2026-05-05 19:15:15,527 - __main__ - INFO - Rate: 1.28 msg/sec | Total: 315 messages
2026-05-05 19:15:16,223 - __main__ - INFO - Rate: 1.10 msg/sec | Total: 316 messages
2026-05-05 19:15:23,658 - __main__ - INFO - Rate: 6.07 msg/sec | Total: 4572 messages
2026-05-05 19:15:23,662 - __main__ - INFO - Rate: 6.08 msg/sec | Total: 4576 messages
2026-05-05 19:15:25,546 - __main__ - INFO - Rate: 0.40 msg/sec | Total: 319 messages
2026-05-05 19:15:26,370 - __main__ - INFO - Rate: 0.30 msg/sec | Total: 319 messages
2026-05-05 19:15:33,681 - __main__ - INFO - Rate: 6.09 msg/sec | Total: 4637 messages
2026-05-05 19:15:33,744 - __main__ - INFO - Rate: 6.15 msg/sec | Total: 4634 messages
2026-05-05 19:15:35,610 - __main__ - INFO - Rate: 0.60 msg/sec | Total: 325 messages
2026-05-05 19:15:36,414 - __main__ - INFO - Rate: 0.60 msg/sec | Total: 325 messages
2026-05-05 19:15:43,745 - __main__ - INFO - Rate: 5.70 msg/sec | Total: 4691 messages
2026-05-05 19:15:43,746 - __main__ - INFO - Rate: 5.76 msg/sec | Total: 4695 messages
2026-05-05 19:15:45,683 - __main__ - INFO - Rate: 0.50 msg/sec | Total: 330 messages
2026-05-05 19:15:46,468 - __main__ - INFO - Rate: 0.50 msg/sec | Total: 330 messages
2026-05-05 19:15:53,904 - __main__ - INFO - Rate: 5.81 msg/sec | Total: 4750 messages
2026-05-05 19:15:53,917 - __main__ - INFO - Rate: 5.80 msg/sec | Total: 4754 messages
2026-05-05 19:15:55,819 - __main__ - INFO - Rate: 1.09 msg/sec | Total: 341 messages
2026-05-05 19:15:56,517 - __main__ - INFO - Rate: 1.19 msg/sec | Total: 342 messages
2026-05-05 19:16:03,955 - __main__ - INFO - Rate: 6.07 msg/sec | Total: 4811 messages
2026-05-05 19:16:03,973 - __main__ - INFO - Rate: 6.07 msg/sec | Total: 4815 messages
2026-05-05 19:16:05,984 - __main__ - INFO - Rate: 0.30 msg/sec | Total: 344 messages
2026-05-05 19:16:06,568 - __main__ - INFO - Rate: 0.20 msg/sec | Total: 344 messages
2026-05-05 19:16:14,005 - __main__ - INFO - Rate: 6.27 msg/sec | Total: 4874 messages
2026-05-05 19:16:14,021 - __main__ - INFO - Rate: 6.27 msg/sec | Total: 4878 messages
2026-05-05 19:16:16,041 - __main__ - INFO - Rate: 1.19 msg/sec | Total: 356 messages
2026-05-05 19:16:16,640 - __main__ - INFO - Rate: 1.39 msg/sec | Total: 358 messages
2026-05-05 19:16:24,025 - __main__ - INFO - Rate: 5.59 msg/sec | Total: 4930 messages
2026-05-05 19:16:24,041 - __main__ - INFO - Rate: 5.59 msg/sec | Total: 4934 messages
2026-05-05 19:16:26,055 - __main__ - INFO - Rate: 1.20 msg/sec | Total: 368 messages
2026-05-05 19:16:26,657 - __main__ - INFO - Rate: 1.10 msg/sec | Total: 369 messages
2026-05-05 19:16:34,123 - __main__ - INFO - Rate: 6.34 msg/sec | Total: 4994 messages
2026-05-05 19:16:34,145 - __main__ - INFO - Rate: 6.33 msg/sec | Total: 4998 messages
2026-05-05 19:16:36,217 - __main__ - INFO - Rate: 0.69 msg/sec | Total: 375 messages
2026-05-05 19:16:36,807 - __main__ - INFO - Rate: 0.69 msg/sec | Total: 376 messages
2026-05-05 19:16:44,251 - __main__ - INFO - Rate: 6.22 msg/sec | Total: 5057 messages
2026-05-05 19:16:44,265 - __main__ - INFO - Rate: 6.23 msg/sec | Total: 5061 messages
2026-05-05 19:16:46,257 - __main__ - INFO - Rate: 1.20 msg/sec | Total: 387 messages
2026-05-05 19:16:46,846 - __main__ - INFO - Rate: 1.10 msg/sec | Total: 387 messages
2026-05-05 19:16:54,313 - __main__ - INFO - Rate: 6.26 msg/sec | Total: 5120 messages
2026-05-05 19:16:54,323 - __main__ - INFO - Rate: 6.26 msg/sec | Total: 5124 messages
2026-05-05 19:16:56,364 - __main__ - INFO - Rate: 0.30 msg/sec | Total: 390 messages
2026-05-05 19:16:56,903 - __main__ - INFO - Rate: 0.40 msg/sec | Total: 391 messages
2026-05-05 19:17:04,324 - __main__ - INFO - Rate: 5.79 msg/sec | Total: 5178 messages
2026-05-05 19:17:04,351 - __main__ - INFO - Rate: 5.78 msg/sec | Total: 5182 messages
2026-05-05 19:17:06,429 - __main__ - INFO - Rate: 0.30 msg/sec | Total: 393 messages
2026-05-05 19:17:07,062 - __main__ - INFO - Rate: 0.20 msg/sec | Total: 393 messages
2026-05-05 19:17:14,514 - __main__ - INFO - Rate: 6.28 msg/sec | Total: 5242 messages
2026-05-05 19:17:14,529 - __main__ - INFO - Rate: 6.29 msg/sec | Total: 5246 messages
2026-05-05 19:17:16,606 - __main__ - INFO - Rate: 0.10 msg/sec | Total: 394 messages
2026-05-05 19:17:17,168 - __main__ - INFO - Rate: 0.10 msg/sec | Total: 394 messages
2026-05-05 19:17:24,539 - __main__ - INFO - Rate: 6.78 msg/sec | Total: 5310 messages
2026-05-05 19:17:24,553 - __main__ - INFO - Rate: 6.78 msg/sec | Total: 5314 messages
2026-05-05 19:17:26,804 - __main__ - INFO - Rate: 0.20 msg/sec | Total: 396 messages
2026-05-05 19:17:27,254 - __main__ - INFO - Rate: 0.30 msg/sec | Total: 397 messages
2026-05-05 19:17:34,638 - __main__ - INFO - Rate: 6.93 msg/sec | Total: 5380 messages
2026-05-05 19:17:34,655 - __main__ - INFO - Rate: 6.93 msg/sec | Total: 5384 messages
2026-05-05 19:17:36,806 - __main__ - INFO - Rate: 0.50 msg/sec | Total: 401 messages
2026-05-05 19:17:37,423 - __main__ - INFO - Rate: 0.39 msg/sec | Total: 401 messages
2026-05-05 19:17:44,640 - __main__ - INFO - Rate: 7.70 msg/sec | Total: 5457 messages
2026-05-05 19:17:44,655 - __main__ - INFO - Rate: 7.70 msg/sec | Total: 5461 messages
2026-05-05 19:17:46,915 - __main__ - INFO - Rate: 0.30 msg/sec | Total: 404 messages
2026-05-05 19:17:47,531 - __main__ - INFO - Rate: 0.30 msg/sec | Total: 404 messages
2026-05-05 19:17:54,661 - __main__ - INFO - Rate: 5.69 msg/sec | Total: 5514 messages
2026-05-05 19:17:54,674 - __main__ - INFO - Rate: 5.69 msg/sec | Total: 5518 messages
2026-05-05 19:17:56,948 - __main__ - INFO - Rate: 0.20 msg/sec | Total: 406 messages
2026-05-05 19:17:57,574 - __main__ - INFO - Rate: 0.20 msg/sec | Total: 406 messages
2026-05-05 19:18:04,700 - __main__ - INFO - Rate: 5.18 msg/sec | Total: 5566 messages
2026-05-05 19:18:04,714 - __main__ - INFO - Rate: 5.18 msg/sec | Total: 5570 messages
2026-05-05 19:18:07,141 - __main__ - INFO - Rate: 0.59 msg/sec | Total: 412 messages
2026-05-05 19:18:07,716 - __main__ - INFO - Rate: 0.59 msg/sec | Total: 412 messages
2026-05-05 19:18:14,722 - __main__ - INFO - Rate: 5.40 msg/sec | Total: 5624 messages
2026-05-05 19:18:14,728 - __main__ - INFO - Rate: 5.38 msg/sec | Total: 5620 messages
2026-05-05 19:18:17,291 - __main__ - INFO - Rate: 0.39 msg/sec | Total: 416 messages
2026-05-05 19:18:17,899 - __main__ - INFO - Rate: 0.39 msg/sec | Total: 416 messages
2026-05-05 19:18:24,783 - __main__ - INFO - Rate: 5.27 msg/sec | Total: 5673 messages
2026-05-05 19:18:24,800 - __main__ - INFO - Rate: 5.26 msg/sec | Total: 5677 messages
2026-05-05 19:18:27,297 - __main__ - INFO - Rate: 0.20 msg/sec | Total: 418 messages
2026-05-05 19:18:28,102 - __main__ - INFO - Rate: 0.20 msg/sec | Total: 418 messages
2026-05-05 19:18:34,819 - __main__ - INFO - Rate: 5.38 msg/sec | Total: 5727 messages
2026-05-05 19:18:34,830 - __main__ - INFO - Rate: 5.38 msg/sec | Total: 5731 messages
2026-05-05 19:18:37,313 - __main__ - INFO - Rate: 0.70 msg/sec | Total: 425 messages
2026-05-05 19:18:38,123 - __main__ - INFO - Rate: 0.70 msg/sec | Total: 425 messages
